country,code,year,gdp_pc_2017,continent,youth_NIEET,gdp_growth,youth_unemployment_rate
Australia,AUS,1990,31006.1,Oceania,NA,NA,NA
Australia,AUS,1991,30496.127,Oceania,NA,-1.6447505490854966,17.476
Australia,AUS,1992,30285.854,Oceania,NA,-0.6895072282457411,19.272
Australia,AUS,1993,31232.586,Oceania,NA,3.1259874659634828,18.536
Australia,AUS,1994,32164.658,Oceania,NA,2.9842933915238405,16.872
Australia,AUS,1995,33044.844,Oceania,NA,2.7365004160777895,15.196
Australia,AUS,1996,33905.26,Oceania,NA,2.6037829078569863,15.641
Australia,AUS,1997,34852.75,Oceania,NA,2.794522147890911,15.839
Australia,AUS,1998,36099.023,Oceania,NA,3.5758240024101426,14.458
Australia,AUS,1999,37475.98,Oceania,NA,3.8143885500723997,13.111
Australia,AUS,2000,38494.887,Oceania,NA,2.7188268325471387,12.084
Australia,AUS,2001,38779.6,Oceania,NA,0.7396125100977594,13.476
Australia,AUS,2002,39872.15,Oceania,NA,2.817331793004577,12.794
Australia,AUS,2003,40642.562,Oceania,NA,1.932205812829247,11.962
Australia,AUS,2004,41905.85,Oceania,NA,3.10828830131329,11.366
Australia,AUS,2005,42704.44,Oceania,NA,1.9056766537368979,10.619
Australia,AUS,2006,43286.723,Oceania,NA,1.3635186411529943,10.026
Australia,AUS,2007,44109.668,Oceania,NA,1.9011487656388306,9.36
Australia,AUS,2008,44777.273,Oceania,NA,1.5135117317137894,8.814
Australia,AUS,2009,44684.402,Oceania,11.4,-0.2074065564466134,11.461
Australia,AUS,2010,44965.395,Oceania,11.32,0.628839119297143,11.548
Australia,AUS,2011,45405.367,Oceania,10.59,0.9784679974455948,11.37
Australia,AUS,2012,46360.605,Oceania,9.91,2.103799755654447,11.728
Australia,AUS,2013,46744.625,Oceania,11.02,0.828332589706275,12.22
Australia,AUS,2014,47240.273,Oceania,10.09,1.060331535443917,13.311
Australia,AUS,2015,47567.68,Oceania,9.8,0.6930675442963661,13.11
Australia,AUS,2016,48109.203,Oceania,8.69,1.138426343265009,12.642
Australia,AUS,2017,48400.246,Oceania,8.94,0.6049632541200024,12.592
Australia,AUS,2018,49052.816,Oceania,NA,1.3482782711476295,11.787
Australia,AUS,2019,49379.094,Oceania,NA,0.6651565121154277,11.756
Australia,AUS,2020,48747.85,Oceania,NA,-1.278362863441761,14.219
Australia,AUS,2021,49774.34,Oceania,NA,2.1057133801798398,11.248
Fiji,FJI,1990,7889.8784,Oceania,NA,NA,NA
Fiji,FJI,1991,7633.7935,Oceania,NA,-3.2457395034123704,10.434
Fiji,FJI,1992,8078.5903,Oceania,NA,5.826681059685464,10.586
Fiji,FJI,1993,8226.214,Oceania,NA,1.8273448029664296,10.727
Fiji,FJI,1994,8628.203,Oceania,NA,4.8866829868515405,10.642
Fiji,FJI,1995,8827.8,Oceania,NA,2.3133090401326877,10.76
Fiji,FJI,1996,9201.685,Oceania,NA,4.235313441627588,10.751
Fiji,FJI,1997,8909.386,Oceania,NA,-3.1765812457174865,10.974
Fiji,FJI,1998,8921.256,Oceania,NA,0.1332302809643558,11.06
Fiji,FJI,1999,9594.637,Oceania,NA,7.548051529963956,11.032
Fiji,FJI,2000,9328.581,Oceania,NA,-2.772965772441422,11.101
Fiji,FJI,2001,9415.502,Oceania,NA,0.9317708663300481,11.192
Fiji,FJI,2002,9618.807,Oceania,NA,2.159258210555319,11.44
Fiji,FJI,2003,9619.746,Oceania,NA,0.009762125386219794,11.509
Fiji,FJI,2004,10031.558,Oceania,NA,4.2809030508705925,11.575
Fiji,FJI,2005,10006.767,Oceania,20.55,-0.24713010680894307,9.64
Fiji,FJI,2006,10097.962,Oceania,NA,0.9113333007553759,10.26
Fiji,FJI,2007,9927.022,Oceania,NA,-1.692816827791575,11.044
Fiji,FJI,2008,9961.513,Oceania,NA,0.3474455884151358,11.708
Fiji,FJI,2009,9772.743,Oceania,NA,-1.894993260561929,12.469
Fiji,FJI,2010,10019.412,Oceania,NA,2.5240508217600715,13.059
Fiji,FJI,2011,10254.358,Oceania,18.4,2.344908064465259,13.694
Fiji,FJI,2012,10368.216,Oceania,NA,1.110337673016684,13.936
Fiji,FJI,2013,10830.61,Oceania,NA,4.459725761886136,14.205
Fiji,FJI,2014,11411.184,Oceania,19.09,5.360492160644679,14.439
Fiji,FJI,2015,11903.502,Oceania,NA,4.314346346531623,14.638
Fiji,FJI,2016,12179.07,Oceania,20.09,2.315016202794768,14.992
Fiji,FJI,2017,12822.014,Oceania,NA,5.279089454285094,15.241
Fiji,FJI,2018,13311.167,Oceania,NA,3.8149467002609754,15.46
Fiji,FJI,2019,13241.354,Oceania,NA,-0.5244694172945175,15.647
Fiji,FJI,2020,10966.925,Oceania,NA,-17.176710176315808,17.142
Fiji,FJI,2021,10359.204,Oceania,NA,-5.541398340920537,16.832
Kiribati,KIR,1990,2045.2368,Oceania,NA,NA,NA
Kiribati,KIR,1991,2005.5131,Oceania,NA,-1.9422543150015692,NA
Kiribati,KIR,1992,1989.6298,Oceania,NA,-0.7919818623972072,NA
Kiribati,KIR,1993,1976.6847,Oceania,NA,-0.6506285742201846,NA
Kiribati,KIR,1994,1981.4297,Oceania,NA,0.24004840023297042,NA
Kiribati,KIR,1995,1951.8351,Oceania,NA,-1.4935982841076774,NA
Kiribati,KIR,1996,1952.5427,Oceania,NA,0.03625306256660497,NA
Kiribati,KIR,1997,1950.3318,Oceania,NA,-0.1132318386686262,NA
Kiribati,KIR,1998,2041.9646,Oceania,NA,4.698318511752722,NA
Kiribati,KIR,1999,1976.3684,Oceania,NA,-3.2124063267306373,NA
Kiribati,KIR,2000,2063.556,Oceania,NA,4.411505466288571,NA
Kiribati,KIR,2001,1994.9175,Oceania,NA,-3.326224245913366,NA
Kiribati,KIR,2002,2028.5942,Oceania,NA,1.6881249475228917,NA
Kiribati,KIR,2003,2027.5582,Oceania,NA,-0.05106984925817387,NA
Kiribati,KIR,2004,1954.683,Oceania,NA,-3.594234680908294,NA
Kiribati,KIR,2005,2010.9288,Oceania,NA,2.8774895980575836,NA
Kiribati,KIR,2006,1971.3988,Oceania,NA,-1.9657583102892542,NA
Kiribati,KIR,2007,1973.7498,Oceania,NA,0.11925542411814966,NA
Kiribati,KIR,2008,1895.8898,Oceania,NA,-3.944775573884802,NA
Kiribati,KIR,2009,1874.5094,Oceania,NA,-1.1277237738184998,NA
Kiribati,KIR,2010,1819.2013,Oceania,NA,-2.9505373512664153,NA
Kiribati,KIR,2011,1819.6566,Oceania,NA,0.025027466724000216,NA
Kiribati,KIR,2012,1883.1735,Oceania,NA,3.4905981711054754,NA
Kiribati,KIR,2013,1932.2354,Oceania,NA,2.605277739942704,NA
Kiribati,KIR,2014,1883.2306,Oceania,NA,-2.5361713174285043,NA
Kiribati,KIR,2015,2038.4865,Oceania,46.89,8.244125812314214,NA
Kiribati,KIR,2016,1997.8229,Oceania,NA,-1.9947936863942972,NA
Kiribati,KIR,2017,1962.3196,Oceania,NA,-1.7770994616189382,NA
Kiribati,KIR,2018,2033.7283,Oceania,NA,3.638994381954904,NA
Kiribati,KIR,2019,1990.518,Oceania,52.01,-2.124684010150223,NA
Kiribati,KIR,2020,1944.8469,Oceania,47.58,-2.2944329064092877,NA
Kiribati,KIR,2021,1937.0894,Oceania,NA,-0.39887458493519135,NA
Marshall Islands,MHL,1990,3426.381,Oceania,NA,NA,NA
Marshall Islands,MHL,1991,3356.0693,Oceania,NA,-2.052068932205722,NA
Marshall Islands,MHL,1992,3523.68,Oceania,NA,4.994256227068962,NA
Marshall Islands,MHL,1993,3664.421,Oceania,NA,3.9941481632838394,NA
Marshall Islands,MHL,1994,3810.0562,Oceania,NA,3.9743031709511594,NA
Marshall Islands,MHL,1995,4052.8896,Oceania,NA,6.3734860393922785,NA
Marshall Islands,MHL,1996,3576.354,Oceania,NA,-11.757922051466691,NA
Marshall Islands,MHL,1997,3293.4338,Oceania,NA,-7.9108555808513374,NA
Marshall Islands,MHL,1998,3216.926,Oceania,NA,-2.3230404691905413,NA
Marshall Islands,MHL,1999,3137.015,Oceania,NA,-2.4840795218789635,NA
Marshall Islands,MHL,2000,3156.6243,Oceania,NA,0.6250942376749896,NA
Marshall Islands,MHL,2001,3360.3855,Oceania,NA,6.4550348928125505,NA
Marshall Islands,MHL,2002,3480.8032,Oceania,NA,3.583448982267064,NA
Marshall Islands,MHL,2003,3424.7463,Oceania,NA,-1.61045875848425,NA
Marshall Islands,MHL,2004,3473.9065,Oceania,NA,1.435440633952952,NA
Marshall Islands,MHL,2005,3541.8757,Oceania,NA,1.9565638856428633,NA
Marshall Islands,MHL,2006,3557.4937,Oceania,NA,0.44095279797650544,NA
Marshall Islands,MHL,2007,3689.7356,Oceania,NA,3.717277138115522,NA
Marshall Islands,MHL,2008,3421.6597,Oceania,NA,-7.265450131440307,NA
Marshall Islands,MHL,2009,3562.1086,Oceania,NA,4.104701002265066,NA
Marshall Islands,MHL,2010,3767.676,Oceania,NA,5.7709470171684245,NA
Marshall Islands,MHL,2011,3787.6545,Oceania,NA,0.5302605638064464,NA
Marshall Islands,MHL,2012,3793.694,Oceania,NA,0.15945224148611922,NA
Marshall Islands,MHL,2013,3998.4722,Oceania,NA,5.3978576026427065,NA
Marshall Islands,MHL,2014,4026.8547,Oceania,NA,0.7098336209515151,NA
Marshall Islands,MHL,2015,4195.8345,Oceania,NA,4.196322256176764,NA
Marshall Islands,MHL,2016,4376.169,Oceania,NA,4.2979412081196235,NA
Marshall Islands,MHL,2017,4634.937,Oceania,NA,5.913117157952539,NA
Marshall Islands,MHL,2018,4955.1294,Oceania,NA,6.908236293179387,NA
Marshall Islands,MHL,2019,5647.067,Oceania,42.94,13.964067214874355,NA
Marshall Islands,MHL,2020,5710.973,Oceania,NA,1.1316671114403274,NA
Marshall Islands,MHL,2021,5961.8164,Oceania,NA,4.392305829497001,NA
Micronesia (Federated States of),FSM,1990,2925.3079,Oceania,NA,NA,NA
Micronesia (Federated States of),FSM,1991,3085.5037,Oceania,NA,5.476203034901059,NA
Micronesia (Federated States of),FSM,1992,3132.258,Oceania,NA,1.5152890596112265,NA
Micronesia (Federated States of),FSM,1993,3287.0293,Oceania,NA,4.941205354092809,NA
Micronesia (Federated States of),FSM,1994,3184.9326,Oceania,NA,-3.106047761728198,NA
Micronesia (Federated States of),FSM,1995,3362.4937,Oceania,NA,5.575034774676233,NA
Micronesia (Federated States of),FSM,1996,3242.0574,Oceania,NA,-3.5817554096829936,NA
Micronesia (Federated States of),FSM,1997,3036.0215,Oceania,NA,-6.3550972293087815,NA
Micronesia (Federated States of),FSM,1998,3114.9119,Oceania,NA,2.5984796220975452,NA
Micronesia (Federated States of),FSM,1999,3153.9592,Oceania,NA,1.2535603334399192,NA
Micronesia (Federated States of),FSM,2000,3301.3867,Oceania,NA,4.674362940395685,NA
Micronesia (Federated States of),FSM,2001,3365.7468,Oceania,NA,1.9494868625962498,NA
Micronesia (Federated States of),FSM,2002,3382.8276,Oceania,NA,0.5074891551557051,NA
Micronesia (Federated States of),FSM,2003,3441.7566,Oceania,NA,1.7420042333815677,NA
Micronesia (Federated States of),FSM,2004,3346.731,Oceania,NA,-2.76096223655095,NA
Micronesia (Federated States of),FSM,2005,3430.3965,Oceania,NA,2.499917083267212,NA
Micronesia (Federated States of),FSM,2006,3447.4731,Oceania,NA,0.49780251349954235,NA
Micronesia (Federated States of),FSM,2007,3407.9307,Oceania,NA,-1.146996621960597,NA
Micronesia (Federated States of),FSM,2008,3351.1838,Oceania,NA,-1.6651424279255471,NA
Micronesia (Federated States of),FSM,2009,3414.072,Oceania,NA,1.8765965626833219,NA
Micronesia (Federated States of),FSM,2010,3500.2952,Oceania,NA,2.5255237733709164,NA
Micronesia (Federated States of),FSM,2011,3601.8945,Oceania,NA,2.902592329926912,NA
Micronesia (Federated States of),FSM,2012,3523.3865,Oceania,NA,-2.1796307470971126,NA
Micronesia (Federated States of),FSM,2013,3381.9539,Oceania,NA,-4.014109720860884,NA
Micronesia (Federated States of),FSM,2014,3291.397,Oceania,28.67,-2.6776503369841924,NA
Micronesia (Federated States of),FSM,2015,3429.7427,Oceania,NA,4.203251689176354,NA
Micronesia (Federated States of),FSM,2016,3446.0405,Oceania,NA,0.4751901651398013,NA
Micronesia (Federated States of),FSM,2017,3522.2883,Oceania,NA,2.2126205423296708,NA
Micronesia (Federated States of),FSM,2018,3513.8652,Oceania,NA,-0.23913715410518716,NA
Micronesia (Federated States of),FSM,2019,3540.7825,Oceania,NA,0.7660310930538716,NA
Micronesia (Federated States of),FSM,2020,3455.7166,Oceania,NA,-2.4024604730733845,NA
Micronesia (Federated States of),FSM,2021,3315.2302,Oceania,NA,-4.065333366746573,NA
Nauru,NRU,2004,5343.428,Oceania,NA,NA,NA
Nauru,NRU,2005,5190.0435,Oceania,NA,-2.87052618656039,NA
Nauru,NRU,2006,5689.8447,Oceania,NA,9.630000210980889,NA
Nauru,NRU,2007,4400.8516,Oceania,NA,-22.654275607908943,NA
Nauru,NRU,2008,5391.4214,Oceania,NA,22.508593564027475,NA
Nauru,NRU,2009,5887.2983,Oceania,NA,9.19751700358648,NA
Nauru,NRU,2010,6536.3325,Oceania,NA,11.02431313867687,NA
Nauru,NRU,2011,7160.599,Oceania,NA,9.550715175520825,NA
Nauru,NRU,2012,7851.3755,Oceania,NA,9.646909427549287,NA
Nauru,NRU,2013,10015.124,Oceania,36.4,27.55884621745578,NA
Nauru,NRU,2014,12390.368,Oceania,NA,23.71657105793199,NA
Nauru,NRU,2015,12567.816,Oceania,NA,1.4321447111175416,NA
Nauru,NRU,2016,12729.861,Oceania,NA,1.2893648347493316,NA
Nauru,NRU,2017,11746.627,Oceania,NA,-7.723839246948574,NA
Nauru,NRU,2018,12209.948,Oceania,NA,3.9442897097183716,NA
Nauru,NRU,2019,12000.611,Oceania,NA,-1.7144790461024038,NA
Nauru,NRU,2020,11958.172,Oceania,NA,-0.35364032714667865,NA
Nauru,NRU,2021,11947.395,Oceania,NA,-0.09012247022371014,NA
New Zealand,NZL,1990,28031.998,Oceania,NA,NA,NA
New Zealand,NZL,1991,26415.002,Oceania,NA,-5.768393676397947,19.323
New Zealand,NZL,1992,26427.354,Oceania,NA,0.046761306321305415,19.145
New Zealand,NZL,1993,27797.71,Oceania,NA,5.185369674164124,17.86
New Zealand,NZL,1994,28834.729,Oceania,NA,3.730591476779923,15.456
New Zealand,NZL,1995,29757.475,Oceania,NA,3.2001202438906198,12.268
New Zealand,NZL,1996,30349.207,Oceania,NA,1.9885154906456277,12.248
New Zealand,NZL,1997,30567.518,Oceania,NA,0.7193301623993059,13.609
New Zealand,NZL,1998,30539.102,Oceania,NA,-0.09296142395336474,15.006
New Zealand,NZL,1999,32035.045,Oceania,NA,4.898451172532838,14.155
New Zealand,NZL,2000,32772.582,Oceania,NA,2.3022817667339126,13.498
New Zealand,NZL,2001,33708.703,Oceania,NA,2.8564151582563717,12.092
New Zealand,NZL,2002,34676.797,Oceania,NA,2.8719408159963833,11.728
New Zealand,NZL,2003,35546.098,Oceania,NA,2.506866479046492,10.486
New Zealand,NZL,2004,36432.492,Oceania,10.79,2.493646419362261,9.656
New Zealand,NZL,2005,37219.805,Oceania,11.12,2.1610187960790657,9.752
New Zealand,NZL,2006,37828.188,Oceania,10.73,1.6345679403747593,9.946
New Zealand,NZL,2007,38611.98,Oceania,10.98,2.071978705403498,10.101
New Zealand,NZL,2008,37860.113,Oceania,11.24,-1.9472376189980558,11.411
New Zealand,NZL,2009,37432.832,Oceania,14.25,-1.1285782480363844,16.759
New Zealand,NZL,2010,37583.113,Oceania,13.65,0.40146842215944384,17.421
New Zealand,NZL,2011,38137.492,Oceania,13.46,1.4750747230544763,17.512
New Zealand,NZL,2012,38780.605,Oceania,13.78,1.686301238686605,18.003
New Zealand,NZL,2013,39521.074,Oceania,12.22,1.9093797015286307,15.302
New Zealand,NZL,2014,40353.105,Oceania,11.65,2.105284385743168,14.109
New Zealand,NZL,2015,41020.312,Oceania,11.54,1.6534217131494462,13.872
New Zealand,NZL,2016,41620.348,Oceania,12.18,1.4627777575168128,13.474
New Zealand,NZL,2017,42218.54,Oceania,11.92,1.4372585255654344,12.968
New Zealand,NZL,2018,42862.07,Oceania,12.05,1.5242829335168835,11.83
New Zealand,NZL,2019,43110.37,Oceania,11.62,0.5793000664690318,11.294
New Zealand,NZL,2020,41642.027,Oceania,12.94,-3.4060088094813397,12.442
New Zealand,NZL,2021,42915.453,Oceania,11.85,3.0580307726134452,10.49
Palau,PLW,2000,13301.023,Oceania,27.23,NA,NA
Palau,PLW,2001,14084.794,Oceania,NA,5.892561797690303,NA
Palau,PLW,2002,14572.04,Oceania,NA,3.4593761186709657,NA
Palau,PLW,2003,14075.936,Oceania,NA,-3.404492438944726,NA
Palau,PLW,2004,14739.449,Oceania,NA,4.713810861316795,NA
Palau,PLW,2005,15381.835,Oceania,NA,4.358276893525657,NA
Palau,PLW,2006,15484.9795,Oceania,NA,0.6705604370349854,NA
Palau,PLW,2007,16004.339,Oceania,NA,3.3539566519929878,NA
Palau,PLW,2008,15287.382,Oceania,NA,-4.4797663933512055,NA
Palau,PLW,2009,14489.223,Oceania,NA,-5.221031305425609,NA
Palau,PLW,2010,14744.528,Oceania,NA,1.7620337543289954,NA
Palau,PLW,2011,15988.721,Oceania,NA,8.438337259761717,NA
Palau,PLW,2012,16522.463,Oceania,NA,3.3382407510894727,NA
Palau,PLW,2013,16089.208,Oceania,NA,-2.6222180070852588,NA
Palau,PLW,2014,17110.49,Oceania,13.26,6.347621337234257,NA
Palau,PLW,2015,18402.53,Oceania,NA,7.551157214083274,NA
Palau,PLW,2016,18364.48,Oceania,NA,-0.20676504806675647,NA
Palau,PLW,2017,17594.69,Oceania,NA,-4.191733171862209,NA
Palau,PLW,2018,17587.088,Oceania,NA,-0.043206217330336326,NA
Palau,PLW,2019,17605.48,Oceania,NA,0.10457672128552392,NA
Palau,PLW,2020,15952.251,Oceania,18.04,-9.390422754733182,NA
Palau,PLW,2021,13785.397,Oceania,NA,-13.583374534415233,NA
Papua New Guinea,PNG,1990,2907.3513,Oceania,NA,NA,NA
Papua New Guinea,PNG,1991,3084.3438,Oceania,NA,6.087757609477751,5.061
Papua New Guinea,PNG,1992,3387.8594,Oceania,NA,9.840524263216043,4.894
Papua New Guinea,PNG,1993,3859.9473,Oceania,NA,13.93469575508358,4.673
Papua New Guinea,PNG,1994,3942.2366,Oceania,NA,2.1318762564452727,4.73
Papua New Guinea,PNG,1995,3675.6272,Oceania,NA,-6.762896980866148,4.93
Papua New Guinea,PNG,1996,3819.6797,Oceania,NA,3.9191270540168013,5.091
Papua New Guinea,PNG,1997,3541.3884,Oceania,NA,-7.285723460006353,5.203
Papua New Guinea,PNG,1998,3289.6067,Oceania,NA,-7.10968895702036,5.186
Papua New Guinea,PNG,1999,3235.6978,Oceania,NA,-1.6387642936160092,5.27
Papua New Guinea,PNG,2000,3047.9167,Oceania,NA,-5.803418971944775,5.234
Papua New Guinea,PNG,2001,2942.6167,Oceania,NA,-3.454818827561796,5.046
Papua New Guinea,PNG,2002,2841.1626,Oceania,NA,-3.447751112130911,4.933
Papua New Guinea,PNG,2003,2808.1086,Oceania,NA,-1.1633969840374532,4.732
Papua New Guinea,PNG,2004,2791.8486,Oceania,NA,-0.5790374346633252,4.554
Papua New Guinea,PNG,2005,2875.0337,Oceania,NA,2.979570597058886,4.336
Papua New Guinea,PNG,2006,2935.9712,Oceania,NA,2.1195403726919793,4.16
Papua New Guinea,PNG,2007,3068.074,Oceania,NA,4.499458305313081,3.967
Papua New Guinea,PNG,2008,2966.0168,Oceania,NA,-3.326425633801538,3.894
Papua New Guinea,PNG,2009,3072.6287,Oceania,NA,3.5944469363760967,3.738
Papua New Guinea,PNG,2010,3283.715,Oceania,35.5,6.86989287055738,3.574
Papua New Guinea,PNG,2011,3225.0874,Oceania,NA,-1.7854046407803434,4.528
Papua New Guinea,PNG,2012,3282.809,Oceania,NA,1.789768550148449,4.493
Papua New Guinea,PNG,2013,3317.816,Oceania,NA,1.0663733406360103,4.494
Papua New Guinea,PNG,2014,3669.913,Oceania,NA,10.61231243685606,4.322
Papua New Guinea,PNG,2015,3813.1143,Oceania,NA,3.9020352798554128,4.242
Papua New Guinea,PNG,2016,3924.356,Oceania,NA,2.9173450163820167,4.161
Papua New Guinea,PNG,2017,3966.9475,Oceania,NA,1.0853118320560111,4.174
Papua New Guinea,PNG,2018,3864.9446,Oceania,NA,-2.571319635563627,4.148
Papua New Guinea,PNG,2019,3947.8655,Oceania,NA,2.1454615416738463,4.078
Papua New Guinea,PNG,2020,3741.5967,Oceania,NA,-5.224818322711345,4.541
Papua New Guinea,PNG,2021,3677.4602,Oceania,NA,-1.7141478663373864,4.292
Samoa,WSM,1990,3655.8884,Oceania,NA,NA,NA
Samoa,WSM,1991,3560.899,Oceania,NA,-2.5982576492214573,4.299
Samoa,WSM,1992,3530.797,Oceania,NA,-0.845348323555368,5.01
Samoa,WSM,1993,3642.0344,Oceania,NA,3.1504898185877006,5.603
Samoa,WSM,1994,3513.6702,Oceania,NA,-3.524519153361099,6.305
Samoa,WSM,1995,3709.693,Oceania,NA,5.5788616700565745,6.961
Samoa,WSM,1996,3935.2637,Oceania,NA,6.080575939841915,7.712
Samoa,WSM,1997,3919.9895,Oceania,NA,-0.38813663236849505,8.447
Samoa,WSM,1998,3965.1216,Oceania,NA,1.1513321655580917,9.361
Samoa,WSM,1999,4011.1724,Oceania,NA,1.1613969165535802,10.301
Samoa,WSM,2000,4174.2954,Oceania,NA,4.0667162548286395,11.001
Samoa,WSM,2001,4446.007,Oceania,NA,6.509160803521468,11.649
Samoa,WSM,2002,4669.6074,Oceania,NA,5.029240844650048,11.89
Samoa,WSM,2003,4891.7856,Oceania,NA,4.757963164098127,12.25
Samoa,WSM,2004,5025.835,Oceania,NA,2.7402958952248415,12.735
Samoa,WSM,2005,5343.798,Oceania,NA,6.326570609659882,13.103
Samoa,WSM,2006,5436.0337,Oceania,NA,1.7260326831216335,13.515
Samoa,WSM,2007,5430.935,Oceania,NA,-0.09379448843371875,13.842
Samoa,WSM,2008,5585.6787,Oceania,NA,2.849301271328049,14.205
Samoa,WSM,2009,5515.477,Oceania,NA,-1.256815935367004,14.512
Samoa,WSM,2010,5808.3037,Oceania,NA,5.309181780651076,14.624
Samoa,WSM,2011,5980.2915,Oceania,NA,2.9610676177280446,14.887
Samoa,WSM,2012,5705.579,Oceania,39.06,-4.593630594762823,17.494
Samoa,WSM,2013,5659.8516,Oceania,NA,-0.8014506503196217,17.56
Samoa,WSM,2014,5645.8657,Oceania,NA,-0.2471071856371583,17.529
Samoa,WSM,2015,5811.005,Oceania,NA,2.9249597630350967,18.061
Samoa,WSM,2016,6214.715,Oceania,NA,6.947335271609645,18.604
Samoa,WSM,2017,6238.796,Oceania,28.74,0.3874835772839162,19.382
Samoa,WSM,2018,6139.523,Oceania,NA,-1.5912204854911132,18.413
Samoa,WSM,2019,6346.1465,Oceania,NA,3.36546503694179,17.407
Samoa,WSM,2020,6062.3667,Oceania,NA,-4.471686873286021,17.747
Samoa,WSM,2021,5534.127,Oceania,NA,-8.713423752476062,15.931
Solomon Islands,SLB,1990,2192.065,Oceania,NA,NA,NA
Solomon Islands,SLB,1991,2255.5342,Oceania,NA,2.8954068424065893,3.281
Solomon Islands,SLB,1992,2468.34,Oceania,NA,9.43482923025508,3.197
Solomon Islands,SLB,1993,2493.3425,Oceania,NA,1.0129277166030632,3.181
Solomon Islands,SLB,1994,2618.261,Oceania,NA,5.010081847961111,3.168
Solomon Islands,SLB,1995,2800.327,Oceania,NA,6.953699421104323,3.214
Solomon Islands,SLB,1996,2765.2217,Oceania,NA,-1.2536143100430832,3.249
Solomon Islands,SLB,1997,2664.1682,Oceania,NA,-3.6544447774295996,3.354
Solomon Islands,SLB,1998,2625.2183,Oceania,NA,-1.4619910259419833,3.452
Solomon Islands,SLB,1999,2543.3958,Oceania,NA,-3.1167884209857983,3.481
Solomon Islands,SLB,2000,2125.7705,Oceania,NA,-16.41998858376662,3.601
Solomon Islands,SLB,2001,1910.3496,Oceania,NA,-10.133779728338505,3.686
Solomon Islands,SLB,2002,1814.1626,Oceania,NA,-5.03504698825806,3.714
Solomon Islands,SLB,2003,1888.6979,Oceania,NA,4.108523679189494,3.547
Solomon Islands,SLB,2004,1988.2505,Oceania,NA,5.270964721250563,3.421
Solomon Islands,SLB,2005,2087.201,Oceania,NA,4.9767622339337985,3.341
Solomon Islands,SLB,2006,2125.3667,Oceania,NA,1.8285589169418766,3.388
Solomon Islands,SLB,2007,2153.8816,Oceania,NA,1.341646126289648,3.45
Solomon Islands,SLB,2008,2237.5132,Oceania,NA,3.8828318139678477,3.486
Solomon Islands,SLB,2009,2250.0083,Oceania,NA,0.5584369289977862,3.518
Solomon Islands,SLB,2010,2411.071,Oceania,NA,7.158315815990543,2.924
Solomon Islands,SLB,2011,2527.8708,Oceania,NA,4.844311926110854,2.367
Solomon Islands,SLB,2012,2526.1467,Oceania,NA,-0.06820364395207074,1.815
Solomon Islands,SLB,2013,2591.8025,Oceania,7.04,2.5990493742900997,1.274
Solomon Islands,SLB,2014,2556.727,Oceania,NA,-1.3533245685193962,1.295
Solomon Islands,SLB,2015,2534.7258,Oceania,NA,-0.8605220659069076,1.298
Solomon Islands,SLB,2016,2609.7446,Oceania,NA,2.9596416306647377,1.298
Solomon Islands,SLB,2017,2625.089,Oceania,NA,0.5879655809997634,1.293
Solomon Islands,SLB,2018,2633.2886,Oceania,NA,0.31235512395960363,1.289
Solomon Islands,SLB,2019,2616.863,Oceania,NA,-0.6237675581780148,1.301
Solomon Islands,SLB,2020,2469.1077,Oceania,NA,-5.646275712561178,1.499
Solomon Islands,SLB,2021,2406.1135,Oceania,NA,-2.55129413755423,1.396
Tonga,TON,1990,3625.4368,Oceania,NA,NA,NA
Tonga,TON,1991,3846.9792,Oceania,NA,6.110778155062592,3.078
Tonga,TON,1992,3846.9592,Oceania,NA,-5.198884361120684e-4,3.184
Tonga,TON,1993,3981.4548,Oceania,NA,3.4961535334193354,3.193
Tonga,TON,1994,4168.6235,Oceania,NA,4.701012805670925,4.292
Tonga,TON,1995,4465.193,Oceania,NA,7.114326827548723,5.144
Tonga,TON,1996,4535.9224,Oceania,NA,1.5840166371308064,6.188
Tonga,TON,1997,4570.298,Oceania,NA,0.7578524711974656,7.333
Tonga,TON,1998,4651.0195,Oceania,NA,1.766219620689954,8.602
Tonga,TON,1999,4793.389,Oceania,NA,3.0610385529452153,9.625
Tonga,TON,2000,4806.1133,Oceania,NA,0.2654551925579138,10.758
Tonga,TON,2001,4956.9653,Oceania,NA,3.1387524717738104,11.827
Tonga,TON,2002,5167.539,Oceania,NA,4.248036596100439,12.917
Tonga,TON,2003,5256.1235,Oceania,NA,1.7142492780412484,14.002
Tonga,TON,2004,5098.8433000000005,Oceania,NA,-2.9923231446140726,10.618
Tonga,TON,2005,5074.135,Oceania,NA,-0.4845863766788094,6.903
Tonga,TON,2006,5040.017,Oceania,NA,-0.6723904665524348,2.926
Tonga,TON,2007,5032.449,Oceania,NA,-0.15015822367266243,3.213
Tonga,TON,2008,5257.0054,Oceania,NA,4.462169412943886,3.474
Tonga,TON,2009,4973.827,Oceania,NA,-5.386686496460509,3.894
Tonga,TON,2010,5002.6323,Oceania,NA,0.5791375534372223,4.218
Tonga,TON,2011,5332.404,Oceania,NA,6.591963594845862,4.51
Tonga,TON,2012,5381.746,Oceania,NA,0.9253237376612808,4.722
Tonga,TON,2013,5419.3735,Oceania,NA,0.6991690057464548,5.066
Tonga,TON,2014,5552.782,Oceania,NA,2.4616959875528135,5.514
Tonga,TON,2015,5644.535,Oceania,NA,1.6523789336588344,5.84
Tonga,TON,2016,6039.0537,Oceania,NA,6.98939239459053,6.007
Tonga,TON,2017,6256.9814,Oceania,NA,3.6086398768071772,6.308
Tonga,TON,2018,6287.882,Oceania,27.92,0.4938579488185779,6.679
Tonga,TON,2019,6344.3115,Oceania,NA,0.8974325536007226,6.437
Tonga,TON,2020,6356.96,Oceania,NA,0.1993675751892107,7.937
Tonga,TON,2021,6142.857,Oceania,18.68,-3.3680092371196304,6.299
Tuvalu,TUV,1990,2703.2468,Oceania,NA,NA,NA
Tuvalu,TUV,1991,2749.3105,Oceania,NA,1.7040138547468233,NA
Tuvalu,TUV,1992,2792.5486,Oceania,NA,1.572688861443625,NA
Tuvalu,TUV,1993,2891.7617,Oceania,NA,3.5527797081132246,NA
Tuvalu,TUV,1994,3175.1235,Oceania,NA,9.798933293846451,NA
Tuvalu,TUV,1995,3008.0447,Oceania,NA,-5.2621197254217105,NA
Tuvalu,TUV,1996,2821.0718,Oceania,NA,-6.215762019759871,NA
Tuvalu,TUV,1997,3097.1472,Oceania,NA,9.786188355787319,NA
Tuvalu,TUV,1998,3575.7576,Oceania,NA,15.453266154091741,NA
Tuvalu,TUV,1999,3517.6494,Oceania,NA,-1.6250598194911234,NA
Tuvalu,TUV,2000,3484.23,Oceania,NA,-0.9500492004689203,NA
Tuvalu,TUV,2001,3490.3865,Oceania,NA,0.17669614233274067,NA
Tuvalu,TUV,2002,3827.5784,Oceania,NA,9.660589163979399,NA
Tuvalu,TUV,2003,3638.8193,Oceania,NA,-4.931554112647301,NA
Tuvalu,TUV,2004,3511.4448,Oceania,NA,-3.500434880072223,NA
Tuvalu,TUV,2005,3307.25,Oceania,NA,-5.815122026124409,NA
Tuvalu,TUV,2006,3348.0566,Oceania,NA,1.2338528989341564,NA
Tuvalu,TUV,2007,3545.1426,Oceania,NA,5.886579097856358,NA
Tuvalu,TUV,2008,3736.2048,Oceania,NA,5.389408031146613,NA
Tuvalu,TUV,2009,3456.9229,Oceania,NA,-7.475015823543719,NA
Tuvalu,TUV,2010,3334.6072,Oceania,NA,-3.538282557589008,NA
Tuvalu,TUV,2011,3512.0325,Oceania,NA,5.320725631492666,NA
Tuvalu,TUV,2012,3388.5388,Oceania,NA,-3.516302881593493,NA
Tuvalu,TUV,2013,3515.1396,Oceania,NA,3.7361472738632995,NA
Tuvalu,TUV,2014,3521.2676,Oceania,NA,0.17433162540685884,NA
Tuvalu,TUV,2015,3895.9304,Oceania,NA,10.639997937106514,NA
Tuvalu,TUV,2016,4125.938,Oceania,34.26,5.903791299762437,NA
Tuvalu,TUV,2017,4208.924,Oceania,45.54,2.01132445519055,NA
Tuvalu,TUV,2018,4268.1797,Oceania,NA,1.4078586356037721,NA
Tuvalu,TUV,2019,4816.553,Oceania,NA,12.84794311729659,NA
Tuvalu,TUV,2020,4839.6157,Oceania,NA,0.47882168015176846,NA
Tuvalu,TUV,2021,4924.0273,Oceania,NA,1.7441798116325526,NA
Vanuatu,VUT,1990,2774.0903,Oceania,NA,NA,NA
Vanuatu,VUT,1991,2791.1858,Oceania,NA,0.6162560750095395,13.43
Vanuatu,VUT,1992,2792.9473,Oceania,NA,0.06310937810014705,13.425
Vanuatu,VUT,1993,2744.7551,Oceania,NA,-1.725496216845909,13.925
Vanuatu,VUT,1994,2921.9011,Oceania,NA,6.453981996426574,13.819
Vanuatu,VUT,1995,2881.144,Oceania,NA,-1.3948829411098227,13.884
Vanuatu,VUT,1996,2878.979,Oceania,NA,-0.07514376233884748,13.841
Vanuatu,VUT,1997,2950.054,Oceania,NA,2.4687571531435375,14.042
Vanuatu,VUT,1998,2916.0247,Oceania,NA,-1.1535144780400681,14.046
Vanuatu,VUT,1999,2858.0493,Oceania,NA,-1.988165600929231,14.125
Vanuatu,VUT,2000,2954.2183,Oceania,NA,3.3648474853110426,14.131
Vanuatu,VUT,2001,2782.0054,Oceania,NA,-5.8293897915397785,14.275
Vanuatu,VUT,2002,2570.959,Oceania,NA,-7.586124742964201,14.392
Vanuatu,VUT,2003,2614.807,Oceania,NA,1.7055114453400446,14.36
Vanuatu,VUT,2004,2652.9688,Oceania,NA,1.4594499708774038,14.011
Vanuatu,VUT,2005,2726.8372,Oceania,NA,2.7843674603334887,13.635
Vanuatu,VUT,2006,2887.35,Oceania,24.24,5.886409353664384,13.543
Vanuatu,VUT,2007,2899.8562,Oceania,NA,0.43313765217241634,12.015
Vanuatu,VUT,2008,2988.885,Oceania,NA,3.0701108558417496,10.422
Vanuatu,VUT,2009,3005.954,Oceania,26.33,0.5710825274307963,8.957
Vanuatu,VUT,2010,2972.3171,Oceania,31.85,-1.1190091398604225,9.407
Vanuatu,VUT,2011,2994.3853,Oceania,NA,0.7424577949640603,9.774
Vanuatu,VUT,2012,2953.8787,Oceania,NA,-1.3527517651118481,10.146
Vanuatu,VUT,2013,2897.5142,Oceania,NA,-1.908152152625635,10.497
Vanuatu,VUT,2014,2917.6272,Oceania,NA,0.6941467275639177,10.836
Vanuatu,VUT,2015,2859.3496,Oceania,NA,-1.997431337355228,11.202
Vanuatu,VUT,2016,2921.7578,Oceania,NA,2.1826012461015556,11.422
Vanuatu,VUT,2017,3031.1907,Oceania,NA,3.7454473467992537,11.676
Vanuatu,VUT,2018,3045.0427,Oceania,NA,0.4569821357659834,11.947
Vanuatu,VUT,2019,3070.3508,Oceania,34.5,0.8311246341471729,12.336
Vanuatu,VUT,2020,2836.8135,Oceania,47.53,-7.6062090364397426,9.696
Vanuatu,VUT,2021,2783.0195,Oceania,NA,-1.8962825719773373,10.905
