country,code,year,gdp_pc_2017,continent,youth_NIEET,gdp_growth
Albania,ALB,1990,4827.9053,Europe,NA,NA
Albania,ALB,1991,3497.0054,Europe,NA,-27.566818678071424
Albania,ALB,1992,3265.4143,Europe,NA,-6.622554829340557
Albania,ALB,1993,3599.4646,Europe,NA,10.229951525599674
Albania,ALB,1994,3922.3281,Europe,NA,8.969764558873571
Albania,ALB,1995,4472.415,Europe,NA,14.024499888216893
Albania,ALB,1996,4909.825,Europe,NA,9.780174693090869
Albania,ALB,1997,4401.113,Europe,NA,-10.361102483286055
Albania,ALB,1998,4819.9443,Europe,NA,9.51648594344203
Albania,ALB,1999,5475.845,Europe,NA,13.608055595165284
Albania,ALB,2000,5893.654,Europe,NA,7.630037007986898
Albania,ALB,2001,6442.612,Europe,NA,9.314391377573228
Albania,ALB,2002,6755.1094,Europe,41.8,4.850476794194656
Albania,ALB,2003,7155.2964,Europe,NA,5.924211975012572
Albania,ALB,2004,7581.5063,Europe,NA,5.956565265416536
Albania,ALB,2005,8041.5435,Europe,35.19,6.067886535951303
Albania,ALB,2006,8570.107,Europe,NA,6.572911033808375
Albania,ALB,2007,9151.78,Europe,33.77,6.787231477973386
Albania,ALB,2008,9913.951,Europe,28.17,8.328117590239259
Albania,ALB,2009,10315.777,Europe,30.73,4.053136837170175
Albania,ALB,2010,10751.421,Europe,29.72,4.223084698321806
Albania,ALB,2011,11054.788,Europe,30.01,2.821645622471673
Albania,ALB,2012,11229.992,Europe,27.65,1.584869831967829
Albania,ALB,2013,11363.318,Europe,30.98,1.1872314779921402
Albania,ALB,2014,11588.925,Europe,31.39,1.9853972228885963
Albania,ALB,2015,11880.598,Europe,29.82,2.516825331081189
Albania,ALB,2016,12294.077,Europe,27.39,3.4802877767600533
Albania,ALB,2017,12773.269,Europe,26.23,3.897746858100864
Albania,ALB,2018,13319.495,Europe,26.61,4.276321120302097
Albania,ALB,2019,13655.665,Europe,25.82,2.523894486990686
Albania,ALB,2020,13256.125,Europe,NA,-2.9258186986865953
Albania,ALB,2021,14518.906,Europe,NA,9.526019104376283
Austria,AUT,1990,37494.56,Europe,NA,NA
Austria,AUT,1991,38399.676,Europe,NA,2.4139928565637305
Austria,AUT,1992,38774.492,Europe,NA,0.9760915691059447
Austria,AUT,1993,38658.65,Europe,NA,-0.29875826613020984
Austria,AUT,1994,39435.21,Europe,NA,2.0087612992176336
Austria,AUT,1995,40425.395,Europe,NA,2.510916006279661
Austria,AUT,1996,41319.375,Europe,NA,2.2114317002963193
Austria,AUT,1997,42136.664,Europe,NA,1.9779800638320328
Austria,AUT,1998,43597.89,Europe,NA,3.4678255497397767
Austria,AUT,1999,45060.617,Europe,NA,3.35504080587386
Austria,AUT,2000,46469.86,Europe,NA,3.127438312706642
Austria,AUT,2001,46878.918,Europe,NA,0.8802651869405185
Austria,AUT,2002,47419.277,Europe,NA,1.1526695219373535
Austria,AUT,2003,47633.113,Europe,NA,0.45094740689529217
Austria,AUT,2004,48633.273,Europe,9.64,2.0997158006448235
Austria,AUT,2005,49387.027,Europe,11.84,1.5498730673545265
Austria,AUT,2006,50840.695,Europe,11.22,2.943420748934731
Austria,AUT,2007,52565.074,Europe,10.71,3.391729794409775
Austria,AUT,2008,53166.055,Europe,10.37,1.1433085778591308
Austria,AUT,2009,51030.727,Europe,11.73,-4.016337115853342
Austria,AUT,2010,51843.43,Europe,10.79,1.5925757828219878
Austria,AUT,2011,53179.15,Europe,10.56,2.576449899244709
Austria,AUT,2012,53297.445,Europe,10.16,0.22244620307018495
Austria,AUT,2013,52997.754,Europe,10.34,-0.5622989995111377
Austria,AUT,2014,52932.9,Europe,10.76,-0.12237122350505523
Austria,AUT,2015,52873.86,Europe,11.04,-0.11153743701932234
Austria,AUT,2016,53345.742,Europe,10.91,0.89246746880216
Austria,AUT,2017,54172.99,Europe,10.45,1.5507292034666975
Austria,AUT,2018,55217.285,Europe,10.42,1.9277041935473849
Austria,AUT,2019,55806.438,Europe,11.01,1.066972054131235
Austria,AUT,2020,51988.414,Europe,11.42,-6.841547564816813
Austria,AUT,2021,54121.145,Europe,12.26,4.102319797637989
Belarus,BLR,1990,8895.173,Europe,NA,NA
Belarus,BLR,1991,8784.377,Europe,NA,-1.2455744255901515
Belarus,BLR,1992,7923.6504,Europe,NA,-9.798379554975838
Belarus,BLR,1993,7305.307,Europe,NA,-7.803769333387053
Belarus,BLR,1994,6458.2144,Europe,NA,-11.595578392530252
Belarus,BLR,1995,5805.3633,Europe,NA,-10.10884835288218
Belarus,BLR,1996,5988.0396,Europe,NA,3.1466816211140496
Belarus,BLR,1997,6698.458,Europe,NA,11.86395627710945
Belarus,BLR,1998,7293.908,Europe,NA,8.889359312247695
Belarus,BLR,1999,7575.9185,Europe,NA,3.86638411123364
Belarus,BLR,2000,8053.174,Europe,NA,6.299638783072973
Belarus,BLR,2001,8477.084,Europe,NA,5.263887257372072
Belarus,BLR,2002,8961.642,Europe,NA,5.7160929395060736
Belarus,BLR,2003,9660.193,Europe,NA,7.7948996400436386
Belarus,BLR,2004,10839.956,Europe,NA,12.21262349520347
Belarus,BLR,2005,11940.187,Europe,NA,10.149773670668033
Belarus,BLR,2006,13214.871,Europe,NA,10.675578196555875
Belarus,BLR,2007,14417.354,Europe,NA,9.099468318684307
Belarus,BLR,2008,15942.897,Europe,NA,10.581296678988403
Belarus,BLR,2009,16014.115,Europe,12.08,0.44670676853773145
Belarus,BLR,2010,17300.703,Europe,NA,8.034087428496683
Belarus,BLR,2011,18274.021,Europe,NA,5.62588699430306
Belarus,BLR,2012,18611.455,Europe,NA,1.8465229956778593
Belarus,BLR,2013,18805.432,Europe,NA,1.0422452194092238
Belarus,BLR,2014,19119.346,Europe,NA,1.6692730057996046
Belarus,BLR,2015,18362.746,Europe,NA,-3.957248328473172
Belarus,BLR,2016,17883.127,Europe,0.48,-2.611913272666293
Belarus,BLR,2017,18356.102,Europe,0.38,2.644811503044174
Belarus,BLR,2018,18974.7,Europe,0.54,3.369985632025807
Belarus,BLR,2019,19279.209,Europe,9.25,1.6048158864171669
Belarus,BLR,2020,19225.574,Europe,9.18,-0.2782012477794001
Belarus,BLR,2021,19751.203,Europe,7.73,2.7340093981069216
Belgium,BEL,1990,35506.926,Europe,NA,NA
Belgium,BEL,1991,36023.684,Europe,NA,1.455372396923354
Belgium,BEL,1992,36426.992,Europe,NA,1.1195634516447492
Belgium,BEL,1993,35935.957,Europe,NA,-1.347997660635817
Belgium,BEL,1994,36981.45,Europe,NA,2.9093228267164135
Belgium,BEL,1995,37784.15,Europe,NA,2.170547666465226
Belgium,BEL,1996,38208.72,Europe,NA,1.1236722276404252
Belgium,BEL,1997,39562.37,Europe,NA,3.542777669600032
Belgium,BEL,1998,40252.47,Europe,NA,1.744334325774716
Belgium,BEL,1999,41583.098,Europe,NA,3.3057052151085307
Belgium,BEL,2000,43024.14,Europe,NA,3.465451275419646
Belgium,BEL,2001,43347.89,Europe,NA,0.7524845354259261
Belgium,BEL,2002,43890.598,Europe,NA,1.2519825071070327
Belgium,BEL,2003,44160.91,Europe,NA,0.6158767761605922
Belgium,BEL,2004,45540.47,Europe,8.55,3.1239392485345014
Belgium,BEL,2005,46342.188,Europe,13.02,1.7604517476433614
Belgium,BEL,2006,47212.58,Europe,11.24,1.87818494888502
Belgium,BEL,2007,48590.402,Europe,11.16,2.9183365958818603
Belgium,BEL,2008,48423.516,Europe,10.14,-0.3434546600375905
Belgium,BEL,2009,47064.79,Europe,11.08,-2.8059218169948714
Belgium,BEL,2010,47972.56,Europe,10.86,1.9287667064911935
Belgium,BEL,2011,48154.87,Europe,11.81,0.3800297503406217
Belgium,BEL,2012,48210.926,Europe,12.35,0.1164077485828471
Belgium,BEL,2013,48204.586,Europe,12.68,-0.01315054599863215
Belgium,BEL,2014,48748.62,Europe,12.05,1.1285938644924771
Belgium,BEL,2015,49456.4,Europe,12.18,1.4518975101243867
Belgium,BEL,2016,49829.926,Europe,9.89,0.7552632217468275
Belgium,BEL,2017,50442.27,Europe,9.32,1.2288679698219849
Belgium,BEL,2018,51113.48,Europe,9.15,1.330649869643072
Belgium,BEL,2019,51977.184,Europe,9.25,1.689777334667876
Belgium,BEL,2020,48978.934,Europe,9.21,-5.768396379457571
Belgium,BEL,2021,51739.54,Europe,7.42,5.636312950379851
Bosnia and Herzegovina,BIH,1994,1730.2883,Europe,NA,NA
Bosnia and Herzegovina,BIH,1995,2096.766,Europe,NA,21.180152463609687
Bosnia and Herzegovina,BIH,1996,3802.5938,Europe,NA,81.35518221871206
Bosnia and Herzegovina,BIH,1997,4933.543,Europe,NA,29.741520117136876
Bosnia and Herzegovina,BIH,1998,5609.8877,Europe,NA,13.709107227807696
Bosnia and Herzegovina,BIH,1999,6092.245,Europe,NA,8.598341460560782
Bosnia and Herzegovina,BIH,2000,6826.658,Europe,NA,12.054882887999424
Bosnia and Herzegovina,BIH,2001,6966.1177,Europe,32.45,2.042869292705148
Bosnia and Herzegovina,BIH,2002,7310.2744,Europe,NA,4.940437627116183
Bosnia and Herzegovina,BIH,2003,7619.566,Europe,NA,4.230916420866493
Bosnia and Herzegovina,BIH,2004,8181.4995,Europe,NA,7.3748754194136525
Bosnia and Herzegovina,BIH,2005,8601.171,Europe,NA,5.129518128064426
Bosnia and Herzegovina,BIH,2006,9147.743,Europe,35.49,6.354623108876687
Bosnia and Herzegovina,BIH,2007,9804.853,Europe,32.36,7.183301935788957
Bosnia and Herzegovina,BIH,2008,10507.673,Europe,27.37,7.168082989107553
Bosnia and Herzegovina,BIH,2009,10364.503,Europe,26.63,-1.3625281258752535
Bosnia and Herzegovina,BIH,2010,10637.086,Europe,28.73,2.629966916889297
Bosnia and Herzegovina,BIH,2011,10934.089,Europe,28.3,2.7921462701345146
Bosnia and Herzegovina,BIH,2012,11047.185,Europe,28.92,1.0343431446369198
Bosnia and Herzegovina,BIH,2013,11484.3545,Europe,26.63,3.9572931927907424
Bosnia and Herzegovina,BIH,2014,11768.1045,Europe,27.1,2.470752709697354
Bosnia and Herzegovina,BIH,2015,12292.545,Europe,28.35,4.4564568576018395
Bosnia and Herzegovina,BIH,2016,12837.599,Europe,27.09,4.434020782514931
Bosnia and Herzegovina,BIH,2017,13402.434,Europe,25.51,4.3998492241422955
Bosnia and Herzegovina,BIH,2018,14066.845,Europe,22.61,4.957390575473083
Bosnia and Herzegovina,BIH,2019,14634.738,Europe,22.6,4.0371028471558486
Bosnia and Herzegovina,BIH,2020,14358.987,Europe,21.81,-1.884222320891568
Bosnia and Herzegovina,BIH,2021,15666.54,Europe,19.3,9.106164661894336
Bulgaria,BGR,1990,12509.962,Europe,NA,NA
Bulgaria,BGR,1991,11567.453,Europe,NA,-7.534067649446098
Bulgaria,BGR,1992,10842.027,Europe,NA,-6.271268186695892
Bulgaria,BGR,1993,10767.086,Europe,NA,-0.6912083875090951
Bulgaria,BGR,1994,11000.124,Europe,NA,2.164355332538446
Bulgaria,BGR,1995,11365.372,Europe,NA,3.320398933684744
Bulgaria,BGR,1996,12018.81,Europe,NA,5.749376263267055
Bulgaria,BGR,1997,10385.342,Europe,NA,-13.590929551261722
Bulgaria,BGR,1998,10851.023,Europe,NA,4.484021806888966
Bulgaria,BGR,1999,9995.847,Europe,NA,-7.881063379922793
Bulgaria,BGR,2000,10506.14,Europe,NA,5.105050127317872
Bulgaria,BGR,2001,11127.175,Europe,NA,5.911162425020035
Bulgaria,BGR,2002,12039.07,Europe,NA,8.195206779798111
Bulgaria,BGR,2003,12770.331,Europe,28.29,6.074065521672359
Bulgaria,BGR,2004,13704.788,Europe,24.37,7.317406259869069
Bulgaria,BGR,2005,14782.738,Europe,25.05,7.865499269306456
Bulgaria,BGR,2006,15908.718,Europe,22.24,7.616856904316382
Bulgaria,BGR,2007,17092.562,Europe,19.14,7.441479571138296
Bulgaria,BGR,2008,18268.04,Europe,17.4,6.87713170208187
Bulgaria,BGR,2009,17770.709,Europe,19.45,-2.7224102859420163
Bulgaria,BGR,2010,18163.873,Europe,21.03,2.212427202538743
Bulgaria,BGR,2011,18664.834,Europe,21.81,2.758007612143067
Bulgaria,BGR,2012,18914.984,Europe,21.53,1.3402208666843831
Bulgaria,BGR,2013,18914.525,Europe,21.6,-0.00242664757209904
Bulgaria,BGR,2014,19206.262,Europe,20.24,1.542396650193422
Bulgaria,BGR,2015,19991.818,Europe,19.28,4.090103529775865
Bulgaria,BGR,2016,20744.523,Europe,18.2,3.7650652882094153
Bulgaria,BGR,2017,21473.805,Europe,15.31,3.5155399813242236
Bulgaria,BGR,2018,22210.123,Europe,15.04,3.428912575111859
Bulgaria,BGR,2019,23270.225,Europe,13.72,4.7730577628948705
Bulgaria,BGR,2020,22483.598,Europe,14.44,-3.380401349793553
Bulgaria,BGR,2021,24398.13,Europe,14.02,8.515238530772518
Croatia,HRV,1995,15073.547,Europe,NA,NA
Croatia,HRV,1996,16237.305,Europe,NA,7.720531869506226
Croatia,HRV,1997,17323.97,Europe,NA,6.6923975376455695
Croatia,HRV,1998,17737.672,Europe,NA,2.3880323043736364
Croatia,HRV,1999,17681.547,Europe,NA,-0.3164169458088976
Croatia,HRV,2000,18368.258,Europe,NA,3.883772160886166
Croatia,HRV,2001,19675.709,Europe,NA,7.117991265148809
Croatia,HRV,2002,20797.479,Europe,NA,5.7012939152535775
Croatia,HRV,2003,21948.346,Europe,NA,5.533685116354737
Croatia,HRV,2004,22853.732,Europe,NA,4.125076213032173
Croatia,HRV,2005,23797.303,Europe,16.72,4.128739236112509
Croatia,HRV,2006,24954.39,Europe,14.18,4.862261072189565
Croatia,HRV,2007,26208.113,Europe,12.87,5.024057891216743
Croatia,HRV,2008,26735.941,Europe,11.62,2.0139870428672135
Croatia,HRV,2009,24838.78,Europe,13.43,-7.095920057573436
Croatia,HRV,2010,24590.521,Europe,15.67,-0.9994814560135328
Croatia,HRV,2011,24654.197,Europe,16.22,0.2589453066081824
Croatia,HRV,2012,24153.059,Europe,16.59,-2.0326681092067167
Croatia,HRV,2013,24124.064,Europe,19.63,-0.12004690585984416
Croatia,HRV,2014,24118.531,Europe,19.33,-0.02293560487983885
Croatia,HRV,2015,24931.486,Europe,18.12,3.3706654853896443
Croatia,HRV,2016,25999.834,Europe,16.9,4.285135671415647
Croatia,HRV,2017,27211.824,Europe,15.35,4.661529762074641
Croatia,HRV,2018,28225.002,Europe,13.57,3.723300576984475
Croatia,HRV,2019,29352.79,Europe,11.78,3.995705651322897
Croatia,HRV,2020,26950.719,Europe,12.24,-8.183450363662192
Croatia,HRV,2021,31635.824,Europe,12.69,17.383970349733524
Cyprus,CYP,1990,25237.115,Europe,NA,NA
Cyprus,CYP,1991,24774.078,Europe,NA,-1.8347461665091285
Cyprus,CYP,1992,26391.29,Europe,NA,6.527839300417152
Cyprus,CYP,1993,25941.945,Europe,NA,-1.70262613157599
Cyprus,CYP,1994,26910.15,Europe,NA,3.732198954241873
Cyprus,CYP,1995,28636.582,Europe,NA,6.415542090995394
Cyprus,CYP,1996,28535.67,Europe,NA,-0.3523884240095423
Cyprus,CYP,1997,28877.021,Europe,NA,1.1962256361949883
Cyprus,CYP,1998,30268.242,Europe,NA,4.817744184900505
Cyprus,CYP,1999,31427.395,Europe,11.59,3.829601335948094
Cyprus,CYP,2000,32949.79,Europe,10.05,4.8441654168282176
Cyprus,CYP,2001,33884.945,Europe,7.77,2.83812127482451
Cyprus,CYP,2002,34745.984,Europe,8.38,2.541066541497993
Cyprus,CYP,2003,35226.734,Europe,8.93,1.3836131392911482
Cyprus,CYP,2004,36505.75,Europe,21.79,3.630810622409683
Cyprus,CYP,2005,37730.066,Europe,19.52,3.3537620785766595
Cyprus,CYP,2006,38854.914,Europe,10.73,2.98130408783276
Cyprus,CYP,2007,39975.53,Europe,8.99,2.884103668328804
Cyprus,CYP,2008,40405.895,Europe,9.65,1.0765710923657497
Cyprus,CYP,2009,38542.918,Europe,9.9,-4.610656440106077
Cyprus,CYP,2010,38405.41,Europe,11.68,-0.3567659303843948
Cyprus,CYP,2011,37593.93,Europe,14.64,-2.112931485433961
Cyprus,CYP,2012,35749.05,Europe,15.98,-4.907387974601212
Cyprus,CYP,2013,33471.805,Europe,18.67,-6.370085358911642
Cyprus,CYP,2014,33241.19,Europe,17.01,-0.6889828618444627
Cyprus,CYP,2015,34573.973,Europe,15.3,4.009432273633993
Cyprus,CYP,2016,36678.098,Europe,16.02,6.085864068905243
Cyprus,CYP,2017,38421.97,Europe,16.09,4.754532255189468
Cyprus,CYP,2018,40099.836,Europe,13.21,4.366944224879676
Cyprus,CYP,2019,41746.918,Europe,13.66,4.107453207539289
Cyprus,CYP,2020,39471.582,Europe,14.36,-5.450308930589788
Cyprus,CYP,2021,41701.703,Europe,13.77,5.649940759911774
Czechia,CZE,1990,23585.182,Europe,NA,NA
Czechia,CZE,1991,20895.879,Europe,NA,-11.40251111905772
Czechia,CZE,1992,20768.79,Europe,NA,-0.6082012630337299
Czechia,CZE,1993,20760.055,Europe,NA,-0.04205829997799863
Czechia,CZE,1994,21356.312,Europe,NA,2.8721359360560528
Czechia,CZE,1995,22758.598,Europe,NA,6.5661430681477215
Czechia,CZE,1996,23756.979,Europe,NA,4.386829979597151
Czechia,CZE,1997,23659.32,Europe,NA,-0.4110749940049181
Czechia,CZE,1998,23597.307,Europe,NA,-0.2621081248319859
Czechia,CZE,1999,23948.385,Europe,NA,1.4877884158560877
Czechia,CZE,2000,24976.506,Europe,NA,4.293070284280142
Czechia,CZE,2001,25833.414,Europe,NA,3.430856181405035
Czechia,CZE,2002,26289.627,Europe,14.63,1.765980292035732
Czechia,CZE,2003,27239.559,Europe,13.96,3.613333882599402
Czechia,CZE,2004,28542.254,Europe,13.82,4.782364501569206
Czechia,CZE,2005,30384.447,Europe,13.41,6.454266015571157
Czechia,CZE,2006,32352.812,Europe,9.49,6.478199191843122
Czechia,CZE,2007,33956.246,Europe,7.1,4.956088515582501
Czechia,CZE,2008,34580.44,Europe,6.82,1.8382302920057865
Czechia,CZE,2009,32782.613,Europe,8.61,-5.1989708632972995
Czechia,CZE,2010,33483.137,Europe,9.04,2.136876642505602
Czechia,CZE,2011,34002.19,Europe,8.72,1.550192265437972
Czechia,CZE,2012,33688.1,Europe,9.23,-0.9237346182701872
Czechia,CZE,2013,33661.47,Europe,9.45,-0.07904868484716379
Czechia,CZE,2014,34386.703,Europe,8.42,2.1544899851373103
Czechia,CZE,2015,36168.418,Europe,7.72,5.181406894403329
Czechia,CZE,2016,37014.96,Europe,7.15,2.340555785436901
Czechia,CZE,2017,38824.887,Europe,6.4,4.8897175628448695
Czechia,CZE,2018,39941.285,Europe,5.74,2.875470056100874
Czechia,CZE,2019,40989.727,Europe,5.82,2.624958110386272
Czechia,CZE,2020,38639.98,Europe,6.68,-5.7325265913578685
Czechia,CZE,2021,40740.992,Europe,6.61,5.437404470706235
Denmark,DNK,1990,39027.98,Europe,NA,NA
Denmark,DNK,1991,39469.324,Europe,NA,1.1308399768576218
Denmark,DNK,1992,40108.89,Europe,NA,1.620412855310111
Denmark,DNK,1993,39979.758,Europe,NA,-0.32195356191606844
Denmark,DNK,1994,41969.688,Europe,NA,4.97734378482231
Denmark,DNK,1995,43015.676,Europe,NA,2.4922463088122013
Denmark,DNK,1996,44013.387,Europe,NA,2.3194125788003497
Denmark,DNK,1997,45260.137,Europe,NA,2.832660890196885
Denmark,DNK,1998,46096.37,Europe,NA,1.8476148227302096
Denmark,DNK,1999,47298.54,Europe,NA,2.607949389507239
Denmark,DNK,2000,48907.01,Europe,NA,3.4006757925297504
Denmark,DNK,2001,49133.223,Europe,NA,0.4625369655597349
Denmark,DNK,2002,49204.9,Europe,NA,0.14588295988643635
Denmark,DNK,2003,49262.645,Europe,5.44,0.1173561982647975
Denmark,DNK,2004,50446.543,Europe,5.45,2.403236773015337
Denmark,DNK,2005,51483.273,Europe,4.31,2.0551061348247455
Denmark,DNK,2006,53322.29,Europe,3.62,3.572066989602623
Denmark,DNK,2007,53569.027,Europe,4.3,0.46272768855201263
Denmark,DNK,2008,52982.53,Europe,5.18,-1.0948434811033678
Denmark,DNK,2009,50114.05,Europe,6.48,-5.414010995699896
Denmark,DNK,2010,50825.414,Europe,6.86,1.419490142983842
Denmark,DNK,2011,51293.207,Europe,7.19,0.9203919125971216
Denmark,DNK,2012,51216.31,Europe,7.35,-0.14991653768110946
Denmark,DNK,2013,51479.266,Europe,6.63,0.5134223843927952
Denmark,DNK,2014,52048.336,Europe,6.39,1.105435341677171
Denmark,DNK,2015,52892.645,Europe,7.03,1.622163290676562
Denmark,DNK,2016,54185.008,Europe,6.72,2.443369961929499
Denmark,DNK,2017,55356.68,Europe,7.58,2.162354576011133
Denmark,DNK,2018,56178.773,Europe,7.68,1.4850836430219456
Denmark,DNK,2019,56813.965,Europe,7.72,1.1306619316872504
Denmark,DNK,2020,55518.598,Europe,7.44,-2.2800151336031527
Denmark,DNK,2021,57962.652,Europe,7.08,4.40222571902843
Estonia,EST,1995,12730.718,Europe,NA,NA
Estonia,EST,1996,13558.568,Europe,NA,6.502775412981408
Estonia,EST,1997,15503.845,Europe,NA,14.347215723666396
Estonia,EST,1998,16332.82,Europe,NA,5.346899430431614
Estonia,EST,1999,16215.579,Europe,NA,-0.7178246010180727
Estonia,EST,2000,17765.207,Europe,NA,9.556414852654962
Estonia,EST,2001,18952.107,Europe,NA,6.6810367028090445
Estonia,EST,2002,20364.008,Europe,NA,7.449836580175501
Estonia,EST,2003,22049.684,Europe,12.12,8.277722145856549
Estonia,EST,2004,23691.152,Europe,15.56,7.444406005999891
Estonia,EST,2005,26096.988,Europe,10.94,10.15499795028964
Estonia,EST,2006,28814.92,Europe,9.18,10.4147344513474
Estonia,EST,2007,31140.58,Europe,9.38,8.071027092908825
Estonia,EST,2008,29621.764,Europe,9.17,-4.877288733864309
Estonia,EST,2009,25337.176,Europe,14.62,-14.464324271842823
Estonia,EST,2010,26015.746,Europe,14.07,2.678159554955926
Estonia,EST,2011,27990.137,Europe,11.54,7.58921539286246
Estonia,EST,2012,28997.322,Europe,12.3,3.5983568068995204
Estonia,EST,2013,29525.12,Europe,11.42,1.8201611859191649
Estonia,EST,2014,30494.096,Europe,12.04,3.281869811198066
Estonia,EST,2015,31038.805,Europe,10.84,1.7862769239002818
Estonia,EST,2016,32008.934,Europe,9.2,3.125535921888748
Estonia,EST,2017,33821.934,Europe,9.42,5.664043669807936
Estonia,EST,2018,34979.867,Europe,9.85,3.423615574437574
Estonia,EST,2019,36153.434,Europe,6.94,3.354978450890058
Estonia,EST,2020,35883.266,Europe,8.84,-0.7472817105008555
Estonia,EST,2021,38717.695,Europe,10.92,7.899027362782407
Finland,FIN,1990,32939.383,Europe,NA,NA
Finland,FIN,1991,30831.61,Europe,NA,-6.398944995417797
Finland,FIN,1992,29648.744,Europe,NA,-3.8365365934506888
Finland,FIN,1993,29310.307,Europe,NA,-1.1414884893606223
Finland,FIN,1994,30340.824,Europe,NA,3.5158860669729584
Finland,FIN,1995,31499.807,Europe,NA,3.819879776501786
Finland,FIN,1996,32548.016,Europe,NA,3.3276680076166785
Finland,FIN,1997,34506.773,Europe,NA,6.0180534506312195
Finland,FIN,1998,36293.39,Europe,NA,5.177583542801868
Finland,FIN,1999,37795.06,Europe,NA,4.137585384005182
Finland,FIN,2000,39894.195,Europe,NA,5.5539930350686095
Finland,FIN,2001,40842.34,Europe,NA,2.376649033775457
Finland,FIN,2002,41439.02,Europe,NA,1.4609349023586804
Finland,FIN,2003,42168.695,Europe,10.96,1.760840386669383
Finland,FIN,2004,43724.965,Europe,9.78,3.69058136610582
Finland,FIN,2005,44786.91,Europe,8.09,2.4286926244538036
Finland,FIN,2006,46412.2,Europe,7.86,3.62893979513209
Finland,FIN,2007,48664.266,Europe,7.09,4.852314693119495
Finland,FIN,2008,48817.99,Europe,7.95,0.3158868151838449
Finland,FIN,2009,44662.1,Europe,9.84,-8.513029725312329
Finland,FIN,2010,45874.66,Europe,9.02,2.7149641418563055
Finland,FIN,2011,46825.824,Europe,8.43,2.073397383217656
Finland,FIN,2012,45952.246,Europe,8.56,-1.86559023499512
Finland,FIN,2013,45328.574,Europe,9.3,-1.357217664616434
Finland,FIN,2014,44976.777,Europe,10.17,-0.7761042736530795
Finland,FIN,2015,45072.59,Europe,10.56,0.21302771428018205
Finland,FIN,2016,46206.79,Europe,9.92,2.516385235461296
Finland,FIN,2017,47570.133,Europe,9.4,2.950525236658943
Finland,FIN,2018,48048.523,Europe,8.52,1.0056520127870976
Finland,FIN,2019,48583.434,Europe,8.16,1.1132725141207775
Finland,FIN,2020,47443.902,Europe,9.25,-2.3455155516590267
Finland,FIN,2021,48753.355,Europe,7.65,2.7600027501953805
France,FRA,1990,33843.02,Europe,NA,NA
France,FRA,1991,33898.234,Europe,NA,0.1631473786913814
France,FRA,1992,34269.285,Europe,NA,1.094602745381977
France,FRA,1993,33906.223,Europe,NA,-1.0594385030210152
France,FRA,1994,34576.32,Europe,NA,1.97632452308239
France,FRA,1995,35176.62,Europe,NA,1.7361593136574478
France,FRA,1996,35546.582,Europe,NA,1.0517269709255737
France,FRA,1997,36247.605,Europe,NA,1.9721249148511693
France,FRA,1998,37409.395,Europe,NA,3.2051496919589404
France,FRA,1999,38490.04,Europe,NA,2.8886994831111386
France,FRA,2000,39726.49,Europe,NA,3.2123894908916624
France,FRA,2001,40220.1,Europe,NA,1.2425210482980011
France,FRA,2002,40381.46,Europe,NA,0.4011924386065688
France,FRA,2003,40425.637,Europe,9.52,0.10939921439195938
France,FRA,2004,41265.125,Europe,10.69,2.076622812399957
France,FRA,2005,41638.03,Europe,11.35,0.9036807715958668
France,FRA,2006,42362.984,Europe,11.78,1.7410862137329697
France,FRA,2007,43123.5,Europe,11,1.79523708717026
France,FRA,2008,42993.06,Europe,10.87,-0.30248008626387546
France,FRA,2009,41544.023,Europe,14.34,-3.37039745484503
France,FRA,2010,42145.684,Europe,12.88,1.4482492463476635
France,FRA,2011,42862.414,Europe,12.41,1.700601181368882
France,FRA,2012,42789.05,Europe,12.84,-0.17116161492909412
France,FRA,2013,42813.934,Europe,13.43,0.0581550653730293
France,FRA,2014,43021.395,Europe,13.5,0.4845642075311176
France,FRA,2015,43345.785,Europe,13.97,0.7540201799593126
France,FRA,2016,43705.15,Europe,13.94,0.8290656173374134
France,FRA,2017,44577.066,Europe,13.43,1.9949960130556637
France,FRA,2018,45245.96,Europe,13.08,1.5005339292630884
France,FRA,2019,45922.793,Europe,12.62,1.4958970922486754
France,FRA,2020,42233.14,Europe,12.7,-8.03446994175637
France,FRA,2021,44993.125,Europe,11.46,6.535116735341015
Germany,DEU,1990,36699.48,Europe,NA,NA
Germany,DEU,1991,38294.156,Europe,NA,4.345227779794153
Germany,DEU,1992,38734.938,Europe,NA,1.1510424723814234
Germany,DEU,1993,38105.23,Europe,NA,-1.6256848016640657
Germany,DEU,1994,38881.57,Europe,NA,2.0373581264304046
Germany,DEU,1995,39366.09,Europe,NA,1.2461430955591477
Germany,DEU,1996,39568.6,Europe,NA,0.5144275187096358
Germany,DEU,1997,40218.848,Europe,NA,1.6433434592075524
Germany,DEU,1998,41022.613,Europe,NA,1.9984784248420029
Germany,DEU,1999,41769.812,Europe,NA,1.821431998980661
Germany,DEU,2000,42928.18,Europe,NA,2.7732181317933686
Germany,DEU,2001,43576.637,Europe,NA,1.5105625255950803
Germany,DEU,2002,43417.31,Europe,NA,-0.3656248186384937
Germany,DEU,2003,43089.473,Europe,10.03,-0.7550836290871072
Germany,DEU,2004,43605.277,Europe,10.08,1.1970533963133032
Germany,DEU,2005,43949.29,Europe,11.28,0.7889251569253855
Germany,DEU,2006,45678.082,Europe,10.06,3.933606208427943
Germany,DEU,2007,47100.61,Europe,9.3,3.1142463468584305
Germany,DEU,2008,47643.223,Europe,8.43,1.1520296658578255
Germany,DEU,2009,45044.49,Europe,8.8,-5.454570107484122
Germany,DEU,2010,46999.24,Europe,8.3,4.339598472532378
Germany,DEU,2011,49757.926,Europe,7.49,5.869639594172164
Germany,DEU,2012,49872.45,Europe,7.1,0.23016232629952788
Germany,DEU,2013,49954.17,Europe,6.25,0.16385800176249848
Germany,DEU,2014,50845.527,Europe,6.36,1.78434953478359
Germany,DEU,2015,51159.297,Europe,6.17,0.6171044308381282
Germany,DEU,2016,51879.67,Europe,6.69,1.408097925974236
Germany,DEU,2017,53071.457,Europe,6.26,2.297213918284376
Germany,DEU,2018,53431.395,Europe,5.9,0.6782139031909273
Germany,DEU,2019,53874.316,Europe,5.66,0.8289527159079454
Germany,DEU,2020,51840.33,Europe,7.42,-3.7754279794475663
Germany,DEU,2021,53179.656,Europe,7.52,2.5835599426161076
Greece,GRC,1990,24262.842,Europe,18.7,NA
Greece,GRC,1991,24716.518,Europe,19.71,1.8698386611098547
Greece,GRC,1992,24700.13,Europe,17.92,-0.06630383778167706
Greece,GRC,1993,24162.371,Europe,19.3,-2.1771504846330845
Greece,GRC,1994,24522.525,Europe,18.34,1.490557362934301
Greece,GRC,1995,24920.729,Europe,18.25,1.6238295200025197
Greece,GRC,1996,25521.28,Europe,18.78,2.409845233660699
Greece,GRC,1997,26534.494,Europe,18.13,3.970075168643579
Greece,GRC,1998,27415.625,Europe,19.45,3.3207002176110887
Greece,GRC,1999,28149.844,Europe,26.19,2.678104183289642
Greece,GRC,2000,29133.84,Europe,24.96,3.495564664585705
Greece,GRC,2001,30180.227,Europe,24.51,3.591654927740383
Greece,GRC,2002,31249.396,Europe,24,3.5426141758310887
Greece,GRC,2003,32981.35,Europe,29.11,5.54235992273258
Greece,GRC,2004,34564.91,Europe,24.52,4.801380173946806
Greece,GRC,2005,34670.184,Europe,22.44,0.30456899786516906
Greece,GRC,2006,36520.047,Europe,13.33,5.335601910852269
Greece,GRC,2007,37619.66,Europe,13.05,3.0109846244173917
Greece,GRC,2008,37394.17,Europe,13.1,-0.5993940402438651
Greece,GRC,2009,35691.945,Europe,13.47,-4.5521133374534015
Greece,GRC,2010,33693.21,Europe,15.77,-5.599960999603694
Greece,GRC,2011,30318.404,Europe,18.31,-10.016279244393754
Greece,GRC,2012,28322.572,Europe,21.13,-6.5829058811934775
Greece,GRC,2013,27810.912,Europe,21.24,-1.8065449705627012
Greece,GRC,2014,28129.96,Europe,19.87,1.1472043779074876
Greece,GRC,2015,28260.387,Europe,17.9,0.46365867566110897
Greece,GRC,2016,28239.92,Europe,16.24,-0.07242292895706118
Greece,GRC,2017,28604.861,Europe,15.88,1.292287655205831
Greece,GRC,2018,29141.174,Europe,14.69,1.8749016120022337
Greece,GRC,2019,29721.586,Europe,12.98,1.991724835794194
Greece,GRC,2020,27103.541,Europe,13.53,-8.80856425360342
Greece,GRC,2021,29548.04,Europe,12.05,9.019113037665448
Hungary,HUN,1991,16429.701,Europe,NA,NA
Hungary,HUN,1992,15932.5,Europe,NA,-3.026232796324175
Hungary,HUN,1993,15858.785,Europe,NA,-0.462670641769968
Hungary,HUN,1994,16348.531,Europe,NA,3.0881684820117115
Hungary,HUN,1995,16615.162,Europe,NA,1.6309171753718998
Hungary,HUN,1996,16657.443,Europe,NA,0.25447239094026913
Hungary,HUN,1997,17215.654,Europe,NA,3.351120577149802
Hungary,HUN,1998,17928.734,Europe,NA,4.142044211622758
Hungary,HUN,1999,18531.75,Europe,NA,3.363405358125117
Hungary,HUN,2000,19412.184,Europe,NA,4.750949046905991
Hungary,HUN,2001,20249.447,Europe,NA,4.313079867777881
Hungary,HUN,2002,21270.012,Europe,NA,5.039964795087978
Hungary,HUN,2003,22200.104,Europe,NA,4.372785497253131
Hungary,HUN,2004,23362.812,Europe,12.38,5.237398887861076
Hungary,HUN,2005,24414.582,Europe,18.79,4.501898144795227
Hungary,HUN,2006,25417.547,Europe,12.43,4.1080572258005486
Hungary,HUN,2007,25527.564,Europe,11.46,0.4328387786594821
Hungary,HUN,2008,25829.033,Europe,11.46,1.1809548298458912
Hungary,HUN,2009,24162.268,Europe,13.61,-6.45306775518851
Hungary,HUN,2010,24477.576,Europe,12.56,1.304960279390995
Hungary,HUN,2011,25005.287,Europe,13.21,2.155895665485828
Hungary,HUN,2012,24820.516,Europe,14.78,-0.7389277315633315
Hungary,HUN,2013,25337.588,Europe,15.47,2.083244361237293
Hungary,HUN,2014,26481.166,Europe,13.62,4.513365676322471
Hungary,HUN,2015,27528.307,Europe,11.58,3.954285849799814
Hungary,HUN,2016,28217.354,Europe,11.05,2.503048952483706
Hungary,HUN,2017,29501.121,Europe,11.04,4.549565490796905
Hungary,HUN,2018,31122.502,Europe,10.73,5.495997931739615
Hungary,HUN,2019,32649.143,Europe,11,4.905264364670937
Hungary,HUN,2020,31231.596,Europe,11.71,-4.341758679546348
Hungary,HUN,2021,33593.152,Europe,10.61,7.561432339224676
Iceland,ISL,1995,33666.18,Europe,NA,NA
Iceland,ISL,1996,35014.2,Europe,NA,4.004077682707087
Iceland,ISL,1997,36732.934,Europe,NA,4.908677051025025
Iceland,ISL,1998,39017.438,Europe,NA,6.219225504828993
Iceland,ISL,1999,40103.867,Europe,NA,2.784470369376883
Iceland,ISL,2000,41530.516,Europe,NA,3.5573851269754235
Iceland,ISL,2001,42626.92,Europe,NA,2.639996093474964
Iceland,ISL,2002,42484.516,Europe,NA,-0.33407058262711686
Iceland,ISL,2003,43095.355,Europe,4.48,1.437792065231483
Iceland,ISL,2004,46051.742,Europe,6.93,6.860105920928125
Iceland,ISL,2005,48104.652,Europe,4.66,4.457833538631402
Iceland,ISL,2006,49956.848,Europe,4.8,3.8503469477338617
Iceland,ISL,2007,52827.01,Europe,4.1,5.7452824085298655
Iceland,ISL,2008,52999.438,Europe,4.32,0.32640121028996316
Iceland,ISL,2009,48770.95,Europe,7.33,-7.978363846046829
Iceland,ISL,2010,47457.62,Europe,7.35,-2.692853020086741
Iceland,ISL,2011,48186.168,Europe,6.69,1.535154944558946
Iceland,ISL,2012,48440.254,Europe,5.89,0.5273006975777841
Iceland,ISL,2013,50168.688,Europe,5.47,3.568176995934004
Iceland,ISL,2014,50450.742,Europe,5.72,0.5622112342264092
Iceland,ISL,2015,52142.934,Europe,4.55,3.3541469023389245
Iceland,ISL,2016,54665.766,Europe,4.12,4.838300813682641
Iceland,ISL,2017,55638.492,Europe,3.87,1.779406146069544
Iceland,ISL,2018,56816.363,Europe,4.87,2.117007412781783
Iceland,ISL,2019,56923.17,Europe,4.71,0.1879863376682536
Iceland,ISL,2020,52174.574,Europe,6.03,-8.342114467623638
Iceland,ISL,2021,53586.156,Europe,4.88,2.7054978925175357
Ireland,IRL,1990,26706.256,Europe,NA,NA
Ireland,IRL,1991,27065.535,Europe,NA,1.345299019076274
Ireland,IRL,1992,27780.229,Europe,NA,2.640605478517234
Ireland,IRL,1993,28386.002,Europe,NA,2.1805903759828658
Ireland,IRL,1994,29901.75,Europe,NA,5.339772751372313
Ireland,IRL,1995,32614.967,Europe,NA,9.073773274139477
Ireland,IRL,1996,34745.805,Europe,NA,6.533313371128045
Ireland,IRL,1997,38190.5,Europe,NA,9.913988177853412
Ireland,IRL,1998,41107.3,Europe,NA,7.637501472879389
Ireland,IRL,1999,44926.527,Europe,NA,9.290872910650902
Ireland,IRL,2000,48500.348,Europe,NA,7.954812532025893
Ireland,IRL,2001,50266.957,Europe,NA,3.6424666478681846
Ireland,IRL,2002,52342.86,Europe,NA,4.129756651073981
Ireland,IRL,2003,53049.168,Europe,8.84,1.3493874809286257
Ireland,IRL,2004,55623.887,Europe,10.36,4.853457833683659
Ireland,IRL,2005,57548.996,Europe,15.13,3.460939362256357
Ireland,IRL,2006,58812.305,Europe,14.43,2.1951886006838435
Ireland,IRL,2007,60170.418,Europe,10.06,2.3092327362445624
Ireland,IRL,2008,56312.504,Europe,12.52,-6.411645669471662
Ireland,IRL,2009,52902.887,Europe,18.29,-6.054813332399494
Ireland,IRL,2010,53500.914,Europe,19.43,1.1304241297833038
Ireland,IRL,2011,53712.285,Europe,19.14,0.39507923173052045
Ireland,IRL,2012,53482.2,Europe,19.18,-0.42836568952522946
Ireland,IRL,2013,53800.207,Europe,16.42,0.5946034381532642
Ireland,IRL,2014,58027.84,Europe,15.24,7.858023668942378
Ireland,IRL,2015,71490.805,Europe,14.25,23.200872202032674
Ireland,IRL,2016,72106.8,Europe,12.57,0.8616422769333902
Ireland,IRL,2017,77749.2,Europe,10.93,7.825059495082286
Ireland,IRL,2018,83340.39,Europe,10.07,7.191315151795777
Ireland,IRL,2019,86681.27,Europe,10.09,4.0087165418832384
Ireland,IRL,2020,91099.75,Europe,12.02,5.097387244095518
Ireland,IRL,2021,102496.22,Europe,7.73,12.509880652800916
Italy,ITA,1990,36585.68,Europe,NA,NA
Italy,ITA,1991,37122.82,Europe,NA,1.46817005997975
Italy,ITA,1992,37407.11,Europe,NA,0.76580927849770275
Italy,ITA,1993,37065.434,Europe,NA,-0.9133985490993544
Italy,ITA,1994,37855.008,Europe,NA,2.1302165246466576
Italy,ITA,1995,38947.203,Europe,NA,2.885206100075318
Italy,ITA,1996,39429.496,Europe,NA,1.2383251243998137
Italy,ITA,1997,40129.902,Europe,NA,1.7763503748564342
Italy,ITA,1998,40844.746,Europe,NA,1.7813250578085071
Italy,ITA,1999,41501.79,Europe,NA,1.6086377425385427
Italy,ITA,2000,43053.934,Europe,NA,3.7399447108184978
Italy,ITA,2001,43869.43,Europe,NA,1.8941265622788368
Italy,ITA,2002,43915.387,Europe,NA,0.1047585984135243
Italy,ITA,2003,43781.22,Europe,NA,-0.30551250749538256
Italy,ITA,2004,44118.035,Europe,16.27,0.7693138747618324
Italy,ITA,2005,44260.83,Europe,17.05,0.32366582056521387
Italy,ITA,2006,44918.17,Europe,16.77,1.4851506399676564
Italy,ITA,2007,45356.535,Europe,16.14,0.9759190991084572
Italy,ITA,2008,44623.6,Europe,16.56,-1.6159413411981425
Italy,ITA,2009,42074.92,Europe,17.55,-5.711506915623124
Italy,ITA,2010,42664.355,Europe,18.97,1.4009176963378778
Italy,ITA,2011,42892.305,Europe,19.64,0.5342867599896848
Italy,ITA,2012,41501.71,Europe,20.94,-3.2420617171308495
Italy,ITA,2013,40268.113,Europe,22.14,-2.9724004143443765
Italy,ITA,2014,39898.527,Europe,22.04,-0.9178130596782512
Italy,ITA,2015,40247.83,Europe,21.33,0.875478435582346
Italy,ITA,2016,40837.74,Europe,19.8,1.465693926852693
Italy,ITA,2017,41581.12,Europe,19.99,1.8203260023693888
Italy,ITA,2018,42045.92,Europe,19.19,1.1178150083499327
Italy,ITA,2019,42739.05,Europe,18.05,1.6485071559856574
Italy,ITA,2020,39065.28,Europe,18.93,-8.595815770355223
Italy,ITA,2021,41929.43,Europe,19.76,7.331702217416596
Kosovo,OWID_KOS,2008,7032.452,Europe,NA,NA
Kosovo,OWID_KOS,2009,7327.439,Europe,NA,4.194653585975419
Kosovo,OWID_KOS,2010,7627.8916,Europe,NA,4.100376680037863
Kosovo,OWID_KOS,2011,8040.5938,Europe,NA,5.410436089574211
Kosovo,OWID_KOS,2012,8105.375,Europe,35.88,0.8056768145656152
Kosovo,OWID_KOS,2013,8486.565,Europe,35.77,4.702928612186364
Kosovo,OWID_KOS,2014,8796.63,Europe,30.23,3.653598364002381
Kosovo,OWID_KOS,2015,9445.105,Europe,31.68,7.371857177123517
Kosovo,OWID_KOS,2016,10031.044,Europe,30.26,6.20362611109141
Kosovo,OWID_KOS,2017,10436.169,Europe,27.56,4.03871222177871
Kosovo,OWID_KOS,2018,10755.168,Europe,29.69,3.056667633496543
Kosovo,OWID_KOS,2019,11318.462,Europe,32.61,5.237426323791501
Kosovo,OWID_KOS,2020,10706.514,Europe,33.48,-5.4066356365379
Kosovo,OWID_KOS,2021,11884.18,Europe,32.04,10.99952795092783
Latvia,LVA,1995,9599.146,Europe,NA,NA
Latvia,LVA,1996,9959.121,Europe,NA,3.7500731835936087
Latvia,LVA,1997,10947.781,Europe,NA,9.92718132453659
Latvia,LVA,1998,11751.714,Europe,NA,7.343341997798449
Latvia,LVA,1999,12174.304,Europe,NA,3.5959860833917516
Latvia,LVA,2000,12989.898,Europe,NA,6.699306999398069
Latvia,LVA,2001,13990.844,Europe,NA,7.705572437905209
Latvia,LVA,2002,15157.621,Europe,NA,8.339575510955594
Latvia,LVA,2003,16593.918,Europe,12.73,9.475741608792056
Latvia,LVA,2004,18165.75,Europe,12.34,9.472337997572351
Latvia,LVA,2005,20331.7,Europe,10.89,11.92326218295419
Latvia,LVA,2006,22975.562,Europe,11.46,13.003644555054429
Latvia,LVA,2007,25466.783,Europe,11.94,10.84291648665655
Latvia,LVA,2008,24899.646,Europe,11.82,-2.2269675757632945
Latvia,LVA,2009,21704.324,Europe,17.49,-12.832800916125477
Latvia,LVA,2010,21173.402,Europe,17.81,-2.446157733362266
Latvia,LVA,2011,22117.406,Europe,16.03,4.458442719785894
Latvia,LVA,2012,23970.453,Europe,14.89,8.378229345701763
Latvia,LVA,2013,24715.066,Europe,13.03,3.106378506905971
Latvia,LVA,2014,25423.488,Europe,12.01,2.8663569014948305
Latvia,LVA,2015,26628.355,Europe,10.52,4.739188422926069
Latvia,LVA,2016,27509.336,Europe,11.21,3.308431932802457
Latvia,LVA,2017,28673.562,Europe,10.26,4.232112327247747
Latvia,LVA,2018,30051.402,Europe,7.84,4.8052627713292
Latvia,LVA,2019,31038.68,Europe,7.86,3.2852976376942484
Latvia,LVA,2020,30568.502,Europe,7.06,-1.5148131299398038
Latvia,LVA,2021,32081.455,Europe,8.63,4.949385481827017
Lithuania,LTU,1995,10640.36,Europe,NA,NA
Lithuania,LTU,1996,11274.64,Europe,NA,5.961076504930273
Lithuania,LTU,1997,12302.102,Europe,NA,9.113035981636678
Lithuania,LTU,1998,13317.908,Europe,NA,8.25717426176436
Lithuania,LTU,1999,13259.617,Europe,NA,-0.4376888622447254
Lithuania,LTU,2000,13846.684,Europe,NA,4.42748082391821
Lithuania,LTU,2001,14872.379,Europe,NA,7.407513596757184
Lithuania,LTU,2002,16004.438,Europe,NA,7.61182188807856
Lithuania,LTU,2003,17839.783,Europe,NA,11.467725389670036
Lithuania,LTU,2004,19226.469,Europe,9.88,7.7729981356836095
Lithuania,LTU,2005,21053.186,Europe,8.77,9.501052949452134
Lithuania,LTU,2006,22977.996,Europe,8.32,9.142606729451767
Lithuania,LTU,2007,25835.367,Europe,7.07,12.435248922490889
Lithuania,LTU,2008,26784.88,Europe,8.85,3.675244868787824
Lithuania,LTU,2009,23065.062,Europe,12.12,-13.88775309054959
Lithuania,LTU,2010,23942.76,Europe,13.17,3.8053138552152888
Lithuania,LTU,2011,25968.584,Europe,11.82,8.461113088048332
Lithuania,LTU,2012,27330.896,Europe,11.17,5.246000321003262
Lithuania,LTU,2013,28589.027,Europe,11.14,4.603328774878063
Lithuania,LTU,2014,29855.832,Europe,9.91,4.431088193382728
Lithuania,LTU,2015,30748.197,Europe,9.2,2.9889135228252948
Lithuania,LTU,2016,31925.803,Europe,9.41,3.829837567386471
Lithuania,LTU,2017,33761.87,Europe,9.15,5.751044069275259
Lithuania,LTU,2018,35446.707,Europe,8.04,4.990354503467963
Lithuania,LTU,2019,37184.453,Europe,8.65,4.902418721152289
Lithuania,LTU,2020,37166.41,Europe,10.76,-0.04852296738101228
Lithuania,LTU,2021,39305.613,Europe,11.32,5.755742887193016
Luxembourg,LUX,1990,70860.82,Europe,NA,NA
Luxembourg,LUX,1991,75961.67,Europe,NA,7.198406679459807
Luxembourg,LUX,1992,76323.305,Europe,NA,0.4760756313019379
Luxembourg,LUX,1993,78468.92,Europe,NA,2.8112186703655
Luxembourg,LUX,1994,80365.23,Europe,NA,2.416638332730969
Luxembourg,LUX,1995,80379.125,Europe,NA,0.01728981550852785
Luxembourg,LUX,1996,80401.03,Europe,NA,0.02725210059203659
Luxembourg,LUX,1997,83702.81,Europe,NA,4.106638932361935
Luxembourg,LUX,1998,88185.8,Europe,NA,5.355841697548751
Luxembourg,LUX,1999,94115.38,Europe,NA,6.723962361287193
Luxembourg,LUX,2000,99301.52,Europe,NA,5.5104064819161325
Luxembourg,LUX,2001,101143.15,Europe,NA,1.8545838976080025
Luxembourg,LUX,2002,103317.33,Europe,NA,2.1496067702063932
Luxembourg,LUX,2003,104743,Europe,5.14,1.3798943507347683
Luxembourg,LUX,2004,107634.836,Europe,6.25,2.7608871237218677
Luxembourg,LUX,2005,108632.36,Europe,5.5,0.9267668694176344
Luxembourg,LUX,2006,113346.04,Europe,6.69,4.33911221297226
Luxembourg,LUX,2007,120647.82,Europe,5.66,6.442024794161326
Luxembourg,LUX,2008,118154.664,Europe,6.21,-2.0664741393586743
Luxembourg,LUX,2009,112230.08,Europe,5.79,-5.014261646074337
Luxembourg,LUX,2010,114343.984,Europe,5.12,1.8835449462390077
Luxembourg,LUX,2011,112998.39,Europe,4.74,-1.1767947494290538
Luxembourg,LUX,2012,112137.13,Europe,5.89,-0.7621878506410532
Luxembourg,LUX,2013,113050.664,Europe,4.99,0.814657910363855
Luxembourg,LUX,2014,113313.58,Europe,6.26,0.23256475521452705
Luxembourg,LUX,2015,113182.73,Europe,6.17,-0.11547600914206912
Luxembourg,LUX,2016,116283.7,Europe,5.37,2.73979077903493
Luxembourg,LUX,2017,114985.84,Europe,5.91,-1.1161151562944769
Luxembourg,LUX,2018,114164.47,Europe,5.28,-0.7143227374779324
Luxembourg,LUX,2019,114542.5,Europe,5.6,0.331127539067101
Luxembourg,LUX,2020,111751.31,Europe,6.55,-2.4368160289848766
Luxembourg,LUX,2021,115683.49,Europe,8.67,3.518688058332388
Malta,MLT,1990,16130.712,Europe,NA,NA
Malta,MLT,1991,16684.16,Europe,NA,3.4310202798239797
Malta,MLT,1992,17287.535,Europe,NA,3.6164541697034793
Malta,MLT,1993,17882.646,Europe,NA,3.442428316124889
Malta,MLT,1994,18717.336,Europe,NA,4.667597848774721
Malta,MLT,1995,19766.203,Europe,NA,5.603719460931844
Malta,MLT,1996,20378.607,Europe,NA,3.09823793674485
Malta,MLT,1997,21288.188,Europe,NA,4.463411066320668
Malta,MLT,1998,22234.355,Europe,NA,4.444563341887066
Malta,MLT,1999,23146.18,Europe,NA,4.100973471009169
Malta,MLT,2000,27523.588,Europe,NA,18.912010534783708
Malta,MLT,2001,26996.705,Europe,NA,-1.9142962029514392
Malta,MLT,2002,27483.525,Europe,NA,1.8032571011906813
Malta,MLT,2003,28415.844,Europe,NA,3.3922831951141617
Malta,MLT,2004,28265.037,Europe,12.22,-0.5307144844967501
Malta,MLT,2005,29035.654,Europe,11.9,2.726396572557108
Malta,MLT,2006,29656.346,Europe,10.34,2.1376890632461825
Malta,MLT,2007,30964.36,Europe,11.54,4.410570337964088
Malta,MLT,2008,31940.43,Europe,8.27,3.152236958877883
Malta,MLT,2009,31341.334,Europe,9.88,-1.8756666707367475
Malta,MLT,2010,32916.684,Europe,9.53,5.026429315357165
Malta,MLT,2011,32930.297,Europe,10.18,0.0413559275897826
Malta,MLT,2012,33979.656,Europe,10.82,3.186606546548924
Malta,MLT,2013,35339.695,Europe,9.91,4.00250961928513
Malta,MLT,2014,37285.24,Europe,10.27,5.5052682259991155
Malta,MLT,2015,39903.938,Europe,10.54,7.023417309369617
Malta,MLT,2016,40319.73,Europe,8.76,1.0419823727673223
Malta,MLT,2017,43516.55,Europe,8.59,7.928674125545979
Malta,MLT,2018,44615.605,Europe,7.28,2.5256023283095748
Malta,MLT,2019,45433.918,Europe,8.56,1.8341407675632655
Malta,MLT,2020,40740.97,Europe,9.3,-10.329173020033176
Malta,MLT,2021,44658.72,Europe,13.5,9.616241341332817
Moldova,MDA,1995,5694.436,Europe,NA,NA
Moldova,MDA,1996,5370.5127,Europe,NA,-5.688417606238783
Moldova,MDA,1997,5479.195,Europe,NA,2.0236857460554836
Moldova,MDA,1998,5122.8047,Europe,NA,-6.504428113983899
Moldova,MDA,1999,4958.034,Europe,NA,-3.216415804412767
Moldova,MDA,2000,5072.8413,Europe,24.85,2.3155811355872187
Moldova,MDA,2001,5394.3345,Europe,24.77,6.33753711159858
Moldova,MDA,2002,5828.5747,Europe,25.57,8.049930904359012
Moldova,MDA,2003,6230.782,Europe,25.14,6.900611568039096
Moldova,MDA,2004,6708.4395,Europe,26.59,7.666092313934274
Moldova,MDA,2005,7229.1406,Europe,26.44,7.761881134949481
Moldova,MDA,2006,7597.2246,Europe,23.6,5.091670232558485
Moldova,MDA,2007,7843.2944,Europe,22.85,3.2389433372813574
Moldova,MDA,2008,8471.181,Europe,20.54,8.005393753930756
Moldova,MDA,2009,7972.9707,Europe,21.23,-5.881237810879034
Moldova,MDA,2010,8547.581,Europe,19.45,7.20697869866749
Moldova,MDA,2011,9050.126,Europe,19.72,5.879382716583792
Moldova,MDA,2012,8997.934,Europe,19.28,-0.5766991531388724
Moldova,MDA,2013,9814.323,Europe,18.63,9.073071662895073
Moldova,MDA,2014,10311.288,Europe,16.85,5.063670718805567
Moldova,MDA,2015,10355.539,Europe,15.77,0.42915104301228135
Moldova,MDA,2016,10938.585,Europe,16.27,5.63028153338999
Moldova,MDA,2017,11651.187,Europe,16.92,6.514572040167908
Moldova,MDA,2018,12367.764,Europe,17.83,6.150248897387016
Moldova,MDA,2019,13030.183,Europe,17.48,5.356012614729726
Moldova,MDA,2020,12201.778,Europe,15.59,-6.3575853078962945
Moldova,MDA,2021,14009.226,Europe,13.55,14.812988730003122
Montenegro,MNE,1997,12581.531,Europe,NA,NA
Montenegro,MNE,1998,13238.382,Europe,NA,5.220755725197503
Montenegro,MNE,1999,12026.849,Europe,NA,-9.151669743326634
Montenegro,MNE,2000,12421.224,Europe,NA,3.2791215720759443
Montenegro,MNE,2001,12507.41,Europe,NA,0.6938607660565471
Montenegro,MNE,2002,12694.567,Europe,NA,1.4963689524849608
Montenegro,MNE,2003,12957.905,Europe,NA,2.0744149839848935
Montenegro,MNE,2004,13507.471,Europe,NA,4.241163984455812
Montenegro,MNE,2005,14051.362,Europe,NA,4.026593875344982
Montenegro,MNE,2006,15236.111,Europe,NA,8.43155987298599
Montenegro,MNE,2007,16251.253,Europe,NA,6.662736967458427
Montenegro,MNE,2008,17394.143,Europe,NA,7.032626961133392
Montenegro,MNE,2009,16351.02,Europe,NA,-5.996978408191767
Montenegro,MNE,2010,16767.357,Europe,NA,2.5462448214239815
Montenegro,MNE,2011,17290.512,Europe,16.32,3.120080284567203
Montenegro,MNE,2012,16805.408,Europe,16.94,-2.805608069905619
Montenegro,MNE,2013,17384.854,Europe,17.87,3.4479734142723575
Montenegro,MNE,2014,17677.787,Europe,17.72,1.6849897042563653
Montenegro,MNE,2015,18266.879,Europe,19.15,3.332385439421804
Montenegro,MNE,2016,18801.268,Europe,18.4,2.925453220552888
Montenegro,MNE,2017,19685.809,Europe,16.69,4.704688002958104
Montenegro,MNE,2018,20690.285,Europe,16.3,5.102538585028427
Montenegro,MNE,2019,21537.809,Europe,17.34,4.096241303587656
Montenegro,MNE,2020,18262.236,Europe,21.09,-15.208478262575362
Montenegro,MNE,2021,20602.5,Europe,NA,12.814772517450765
Netherlands,NLD,1990,36461.418,Europe,NA,NA
Netherlands,NLD,1991,37057.582,Europe,NA,1.6350543470361036
Netherlands,NLD,1992,37405.93,Europe,NA,0.9400181587670728
Netherlands,NLD,1993,37613.254,Europe,NA,0.55425436555113194
Netherlands,NLD,1994,38494.22,Europe,NA,2.34216906625521
Netherlands,NLD,1995,39498.137,Europe,NA,2.6079681572973845
Netherlands,NLD,1996,40691.89,Europe,NA,3.022302039207563
Netherlands,NLD,1997,42235.49,Europe,NA,3.793384873496902
Netherlands,NLD,1998,43933.566,Europe,NA,4.0204955595400955
Netherlands,NLD,1999,45839.133,Europe,NA,4.337382947698811
Netherlands,NLD,2000,47422.203,Europe,NA,3.4535339051896985
Netherlands,NLD,2001,48160.785,Europe,NA,1.5574603313979365
Netherlands,NLD,2002,47958.332,Europe,NA,-0.420368978620264
Netherlands,NLD,2003,47806.883,Europe,4.78,-0.3157928845398554
Netherlands,NLD,2004,48586.703,Europe,4.86,1.6311877099370808
Netherlands,NLD,2005,49467.434,Europe,6.43,1.8126996598225649
Netherlands,NLD,2006,51097.363,Europe,4.9,3.294953605234499
Netherlands,NLD,2007,52909.97,Europe,4.27,3.547359185639391
Netherlands,NLD,2008,53848.254,Europe,3.91,1.7733595388543966
Netherlands,NLD,2009,51607.605,Europe,4.96,-4.161042993148854
Netherlands,NLD,2010,52032.99,Europe,4.83,0.8242680511912822
Netherlands,NLD,2011,52594.23,Europe,4.31,1.0786233887385777
Netherlands,NLD,2012,51860.055,Europe,4.85,-1.3959230889015828
Netherlands,NLD,2013,51640.08,Europe,5.65,-0.4241703947286568
Netherlands,NLD,2014,52186.996,Europe,5.53,1.059092085062605
Netherlands,NLD,2015,52974.117,Europe,4.67,1.508270374481795
Netherlands,NLD,2016,53847.83,Europe,4.57,1.6493205540358575
Netherlands,NLD,2017,55088.633,Europe,4,2.3042766997295896
Netherlands,NLD,2018,56060.914,Europe,4.18,1.7649394204426807
Netherlands,NLD,2019,56784.04,Europe,4.26,1.289893347083146
Netherlands,NLD,2020,54275.004,Europe,4.52,-4.418558454100836
Netherlands,NLD,2021,56617.35,Europe,5.11,4.315699359506262
North Macedonia,MKD,1990,11113.2295,Europe,NA,NA
North Macedonia,MKD,1991,10465.795,Europe,NA,-5.82579978214253
North Macedonia,MKD,1992,9869.13,Europe,NA,-5.701095807819672
North Macedonia,MKD,1993,9228.607,Europe,NA,-6.490166813082808
North Macedonia,MKD,1994,9132.368,Europe,NA,-1.042833441710104
North Macedonia,MKD,1995,9023.713,Europe,NA,-1.1897790364996312
North Macedonia,MKD,1996,9083.668,Europe,NA,0.6644160779492868
North Macedonia,MKD,1997,9202.275,Europe,NA,1.3057170297285192
North Macedonia,MKD,1998,9462.709,Europe,NA,2.830104512199441
North Macedonia,MKD,1999,9826.216,Europe,NA,3.841468653426831
North Macedonia,MKD,2000,10226.541,Europe,NA,4.074050478841488
North Macedonia,MKD,2001,9871.304,Europe,NA,-3.4736769744530354
North Macedonia,MKD,2002,10091.774,Europe,NA,2.233443524786587
North Macedonia,MKD,2003,10282.4,Europe,NA,1.88892458352714
North Macedonia,MKD,2004,10732.449,Europe,NA,4.3768867190539265
North Macedonia,MKD,2005,11215.671,Europe,NA,4.502439284826788
North Macedonia,MKD,2006,11772.328,Europe,34.48,4.963207283808514
North Macedonia,MKD,2007,12513.978,Europe,33.65,6.29994339267475
North Macedonia,MKD,2008,13177.212,Europe,31.24,5.299945389068132
North Macedonia,MKD,2009,13105.799,Europe,27.94,-0.5419431667335901
North Macedonia,MKD,2010,13517.428,Europe,26.42,3.140815756444906
North Macedonia,MKD,2011,13809.965,Europe,25.32,2.1641469072370887
North Macedonia,MKD,2012,13730.258,Europe,25.23,-0.5771701810974925
North Macedonia,MKD,2013,14111.445,Europe,24.64,2.7762551876301225
North Macedonia,MKD,2014,14599.242,Europe,25.69,3.456747342316825
North Macedonia,MKD,2015,15141.992,Europe,24.93,3.7176587661195017
North Macedonia,MKD,2016,15556.255,Europe,24.98,2.7358553616987713
North Macedonia,MKD,2017,15709.287,Europe,25.61,0.9837329100095176
North Macedonia,MKD,2018,16148.459,Europe,25.08,2.79562019587522
North Macedonia,MKD,2019,16776.076,Europe,18.81,3.886544220721
North Macedonia,MKD,2020,15782.548,Europe,19.81,-5.922290766923089
North Macedonia,MKD,2021,16467.316,Europe,18.36,4.3387670989500435
Norway,NOR,1990,42136.6,Europe,NA,NA
Norway,NOR,1991,43229.918,Europe,NA,2.5946991451612123
Norway,NOR,1992,44517.438,Europe,NA,2.978307754365863
Norway,NOR,1993,45512.39,Europe,NA,2.234971383573326
Norway,NOR,1994,47541.766,Europe,NA,4.458952825812935
Norway,NOR,1995,49260.97,Europe,NA,3.61619717702535
Norway,NOR,1996,51476.2,Europe,NA,4.496927283405089
Norway,NOR,1997,53903.438,Europe,NA,4.715262587370484
Norway,NOR,1998,54989.703,Europe,NA,2.015205412315258
Norway,NOR,1999,55713.758,Europe,NA,1.31671014844361
Norway,NOR,2000,57127.383,Europe,NA,2.5372996738076794
Norway,NOR,2001,58018.312,Europe,NA,1.559548071718945
Norway,NOR,2002,58540.844,Europe,NA,0.900632889836573
Norway,NOR,2003,58728.156,Europe,10.01,0.31996805512405213
Norway,NOR,2004,60699.566,Europe,9.18,3.356839605180173
Norway,NOR,2005,61870.363,Europe,11.3,1.928839161716574
Norway,NOR,2006,62846.938,Europe,4.56,1.5784213194288264
Norway,NOR,2007,64062.438,Europe,4.41,1.9340639952896352
Norway,NOR,2008,63570.34,Europe,4.13,-0.7681537190326808
Norway,NOR,2009,61689.56,Europe,5,-2.958580998622941
Norway,NOR,2010,61353.477,Europe,4.9,-0.544797207177355
Norway,NOR,2011,61157.13,Europe,5.04,-0.32002587237232144
Norway,NOR,2012,61990.69,Europe,5.16,1.3629808985477327
Norway,NOR,2013,61878.977,Europe,5.63,-0.18020931852831995
Norway,NOR,2014,62390.13,Europe,5.47,0.826052764253033
Norway,NOR,2015,62987.516,Europe,5.03,0.9575008098236146
Norway,NOR,2016,63104.082,Europe,5.37,0.18506206848988752
Norway,NOR,2017,64050.758,Europe,4.59,1.50018187412979
Norway,NOR,2018,64341.258,Europe,4.85,0.4535465450697711
Norway,NOR,2019,64385.008,Europe,4.75,0.06799680540905806
Norway,NOR,2020,63548,Europe,4.9,-1.3000044979415109
Norway,NOR,2021,65662.17,Europe,6.32,3.326886762762004
Poland,POL,1990,11259.4375,Europe,NA,NA
Poland,POL,1991,10432.455,Europe,NA,-7.34479408940278
Poland,POL,1992,10662.08,Europe,NA,2.20106389148096
Poland,POL,1993,11032.554,Europe,NA,3.474687865782288
Poland,POL,1994,11591.999,Europe,NA,5.070856666552456
Poland,POL,1995,12398.524,Europe,NA,6.957600669220207
Poland,POL,1996,13146.756,Europe,NA,6.034847373768039
Poland,POL,1997,13985.434,Europe,NA,6.37935320317803
Poland,POL,1998,14629.198,Europe,NA,4.6031034860984725
Poland,POL,1999,15311.443,Europe,NA,4.663584428893498
Poland,POL,2000,16177.867,Europe,NA,5.658669793565512
Poland,POL,2001,16385.998,Europe,NA,1.2865169431792176
Poland,POL,2002,16727.34,Europe,NA,2.0831321961591875
Poland,POL,2003,17324.217,Europe,NA,3.5682720623840996
Poland,POL,2004,18198.1,Europe,14.48,5.0442856955670665
Poland,POL,2005,18844.557,Europe,13.91,3.5523323863480374
Poland,POL,2006,20012.621,Europe,12.61,6.198415807811234
Poland,POL,2007,21437.457,Europe,10.59,7.119687121442012
Poland,POL,2008,22334.781,Europe,9.04,4.185776325988668
Poland,POL,2009,22951.785,Europe,10.11,2.7625254082410784
Poland,POL,2010,23692.91,Europe,10.77,3.2290516837797147
Poland,POL,2011,24874.172,Europe,11.5,4.985719356550119
Poland,POL,2012,25258.594,Europe,11.82,1.5454665184433167
Poland,POL,2013,25490.328,Europe,12.21,0.9174461571376474
Poland,POL,2014,26488.201,Europe,11.98,3.914712278319838
Poland,POL,2015,27667.69,Europe,10.99,4.452884512617515
Poland,POL,2016,28497.104,Europe,10.52,2.9977710462998566
Poland,POL,2017,29958.121,Europe,9.48,5.1268964032275
Poland,POL,2018,31739.258,Europe,8.66,5.945422945584613
Poland,POL,2019,33159.75,Europe,8.13,4.475504751875416
Poland,POL,2020,32546.826,Europe,8.63,-1.848397530138192
Poland,POL,2021,34915.523,Europe,11.2,7.27781258916
Portugal,PRT,1990,23556.855,Europe,NA,NA
Portugal,PRT,1991,24642.6,Europe,NA,4.60904055316382
Portugal,PRT,1992,24930.451,Europe,NA,1.1681032033957552
Portugal,PRT,1993,24391.2,Europe,NA,-2.1630214391227827
Portugal,PRT,1994,24560.357,Europe,NA,0.693516514152642
Portugal,PRT,1995,25523.705,Europe,NA,3.922369695196213
Portugal,PRT,1996,26318.975,Europe,NA,3.1158094014955773
Portugal,PRT,1997,27354.836,Europe,NA,3.9357953719702263
Portugal,PRT,1998,28525.518,Europe,NA,4.279616225811044
Portugal,PRT,1999,29472.709,Europe,NA,3.320504118452815
Portugal,PRT,2000,30383.139,Europe,NA,3.0890611378818296
Portugal,PRT,2001,30756.02,Europe,NA,1.2272629236893569
Portugal,PRT,2002,30823.85,Europe,NA,0.22054218978917983
Portugal,PRT,2003,30422.602,Europe,NA,-1.3017452394817637
Portugal,PRT,2004,30892.82,Europe,10.25,1.5456205882718408
Portugal,PRT,2005,31076.645,Europe,11.09,0.5950411778529792
Portugal,PRT,2006,31524.75,Europe,10.61,1.441934932165295
Portugal,PRT,2007,32251.568,Europe,11.16,2.3055472287646985
Portugal,PRT,2008,32307.912,Europe,10.23,0.17470158350130746
Portugal,PRT,2009,31269.41,Europe,11.2,-3.2143890945351106
Portugal,PRT,2010,31798.154,Europe,11.44,1.6909305292296812
Portugal,PRT,2011,31304.816,Europe,12.55,-1.5514674216622757
Portugal,PRT,2012,30156.701,Europe,13.91,-3.667534733313871
Portugal,PRT,2013,30042.89,Europe,14.07,-0.3773987081677187
Portugal,PRT,2014,30444.6,Europe,12.28,1.3371216950166882
Portugal,PRT,2015,31118.791,Europe,11.27,2.21448467051629
Portugal,PRT,2016,31847.537,Europe,10.55,2.3418197705688475
Portugal,PRT,2017,33044.715,Europe,9.34,3.759091323137473
Portugal,PRT,2018,34040.727,Europe,8.37,3.014134030207259
Portugal,PRT,2019,34945.66,Europe,8.02,2.658383294810374
Portugal,PRT,2020,32011.324,Europe,9.06,-8.396853858247354
Portugal,PRT,2021,33674.527,Europe,7.61,5.195670757010866
Romania,ROU,1990,13378.491,Europe,NA,NA
Romania,ROU,1991,11751.875,Europe,NA,-12.15844148641278
Romania,ROU,1992,10818.865,Europe,NA,-7.939243737701432
Romania,ROU,1993,10999.229,Europe,NA,1.6671249710574962
Romania,ROU,1994,11448.344,Europe,NA,4.083149828047037
Romania,ROU,1995,12186.608,Europe,NA,6.448653185124425
Romania,ROU,1996,12699.362,Europe,NA,4.2075202550209125
Romania,ROU,1997,12118.4,Europe,NA,-4.574733754341357
Romania,ROU,1998,11897.019,Europe,NA,-1.8268170715605971
Romania,ROU,1999,11870.827,Europe,NA,-0.22015599033674668
Romania,ROU,2000,12178.754,Europe,NA,2.5939810259217957
Romania,ROU,2001,12994.325,Europe,NA,6.69667028334754
Romania,ROU,2002,13989.154,Europe,NA,7.655872852187395
Romania,ROU,2003,14420.295,Europe,19.33,3.081966214683173
Romania,ROU,2004,16015.051,Europe,18.84,11.059108014087087
Romania,ROU,2005,16866.492,Europe,16.8,5.316505080127431
Romania,ROU,2006,18328.932,Europe,14.77,8.670682676634847
Romania,ROU,2007,19947.31,Europe,13.31,8.82963611846015
Romania,ROU,2008,22170.281,Europe,11.57,11.144214432923524
Romania,ROU,2009,21122.297,Europe,13.94,-4.726976622443353
Romania,ROU,2010,20419.188,Europe,16.61,-3.328752549971248
Romania,ROU,2011,21446.771,Europe,17.47,5.0324381165402
Romania,ROU,2012,21957.15,Europe,16.81,2.379747515371898
Romania,ROU,2013,22098.33,Europe,16.96,0.6429796216722129
Romania,ROU,2014,23095.28,Europe,17.01,4.511426881578821
Romania,ROU,2015,23937.46,Europe,18.08,3.646545960906299
Romania,ROU,2016,24763.135,Europe,17.38,3.449300803009172
Romania,ROU,2017,26948.158,Europe,15.15,8.823692961331435
Romania,ROU,2018,28741.227,Europe,14.52,6.653772031468717
Romania,ROU,2019,30006.336,Europe,14.66,4.4017223064276285
Romania,ROU,2020,29062.473,Europe,14.75,-3.14554566075644
Romania,ROU,2021,30776.93,Europe,18.02,5.899212362279006
Russia,RUS,1990,21482.748,Europe,NA,NA
Russia,RUS,1991,20340.133,Europe,NA,-5.318756241054441
Russia,RUS,1992,17367.64,Europe,NA,-14.613930990520082
Russia,RUS,1993,15870.605,Europe,NA,-8.619680048642186
Russia,RUS,1994,13880.465,Europe,NA,-12.53978660548857
Russia,RUS,1995,13308.205,Europe,NA,-4.12277254400339
Russia,RUS,1996,12827.116,Europe,NA,-3.6149803824031865
Russia,RUS,1997,13028.208,Europe,NA,1.5677101540205962
Russia,RUS,1998,12358.152,Europe,NA,-5.143117150109981
Russia,RUS,1999,13189.794,Europe,NA,6.729501304078473
Russia,RUS,2000,14569.937,Europe,NA,10.463719145272474
Russia,RUS,2001,15378.09,Europe,NA,5.546715816272921
Russia,RUS,2002,16175.098,Europe,NA,5.182750263524272
Russia,RUS,2003,17434.809,Europe,NA,7.787965179561825
Russia,RUS,2004,18765.52,Europe,NA,7.6324954291153935
Russia,RUS,2005,20042.814,Europe,NA,6.8066006164497335
Russia,RUS,2006,21757.465,Europe,NA,8.554941436866109
Russia,RUS,2007,23647.266,Europe,NA,8.68575911761779
Russia,RUS,2008,24887.854,Europe,NA,5.246221698525317
Russia,RUS,2009,22939.693,Europe,14.08,-7.827758070261905
Russia,RUS,2010,23961.22,Europe,14.21,4.453097955582936
Russia,RUS,2011,24972.078,Europe,12.69,4.218725089957857
Russia,RUS,2012,25933.293,Europe,11.99,3.849159048758378
Russia,RUS,2013,26332.396,Europe,11.82,1.5389599770457194
Russia,RUS,2014,26057.156,Europe,12.03,-1.045252395566289
Russia,RUS,2015,25488.096,Europe,12.03,-2.183891442335448
Russia,RUS,2016,25490.709,Europe,12.41,0.01025184462581102
Russia,RUS,2017,25926.443,Europe,NA,1.7093836032571728
Russia,RUS,2018,26656.41,Europe,NA,2.8155308462483672
Russia,RUS,2019,27254.574,Europe,NA,2.2439780900728965
Russia,RUS,2020,26583.797,Europe,NA,-2.461153859898899
Russia,RUS,2021,27960.102,Europe,NA,5.177232582689374
San Marino,SMR,1997,66407.516,Europe,NA,NA
San Marino,SMR,1998,70264.445,Europe,NA,5.80797059176254
San Marino,SMR,1999,75441.836,Europe,NA,7.368436483060512
San Marino,SMR,2000,75881.85,Europe,NA,0.5832493260105841
San Marino,SMR,2001,78614.2,Europe,NA,3.6007951835649643
San Marino,SMR,2002,77070.98,Europe,NA,-1.963029579897781
San Marino,SMR,2003,78286.9,Europe,NA,1.5776625650796166
San Marino,SMR,2004,80463.9,Europe,NA,2.7807972981431126
San Marino,SMR,2005,81256.14,Europe,NA,0.9845906052279412
San Marino,SMR,2006,83098.25,Europe,NA,2.2670409891486365
San Marino,SMR,2007,87795.664,Europe,NA,5.652843471432917
San Marino,SMR,2008,86422.55,Europe,NA,-1.5639883992448662
San Marino,SMR,2009,76607.086,Europe,NA,-11.357526478910891
San Marino,SMR,2010,71156.1,Europe,NA,-7.115511481535782
San Marino,SMR,2011,63458.816,Europe,NA,-10.817461890126085
San Marino,SMR,2012,57854.316,Europe,NA,-8.831712208434523
San Marino,SMR,2013,57136.906,Europe,NA,-1.2400284881079506
San Marino,SMR,2014,56558.87,Europe,NA,-1.0116683602013732
San Marino,SMR,2015,57542.984,Europe,NA,1.739981721699875
San Marino,SMR,2016,58432.504,Europe,NA,1.5458357182171925
San Marino,SMR,2017,58201.527,Europe,NA,-0.39528855378164
San Marino,SMR,2018,58898.06,Europe,NA,1.1967606966738102
San Marino,SMR,2019,60076.01,Europe,NA,1.9999809840935412
San Marino,SMR,2020,56364.215,Europe,NA,-6.178497872944633
Serbia,SRB,1995,7753.587,Europe,NA,NA
Serbia,SRB,1996,8247.458,Europe,NA,6.369580943632928
Serbia,SRB,1997,8866.667,Europe,NA,7.5078769725168515
Serbia,SRB,1998,9197.709,Europe,NA,3.733556250618201
Serbia,SRB,1999,8361.113,Europe,NA,-9.095699809593905
Serbia,SRB,2000,8902.2,Europe,NA,6.471470963255746
Serbia,SRB,2001,9530.937,Europe,NA,7.0627148345352735
Serbia,SRB,2002,10148.3955,Europe,NA,6.478465863324883
Serbia,SRB,2003,10616.243,Europe,NA,4.610063728793382
Serbia,SRB,2004,11601.737,Europe,NA,9.282888494545563
Serbia,SRB,2005,12280.192,Europe,NA,5.8478743312316075
Serbia,SRB,2006,12958.291,Europe,NA,5.521892491583196
Serbia,SRB,2007,13848.781,Europe,NA,6.871971002966376
Serbia,SRB,2008,14694.432,Europe,20.32,6.106320837913458
Serbia,SRB,2009,14350.445,Europe,21.61,-2.3409343076343543
Serbia,SRB,2010,14513.582,Europe,21.2,1.1368079526453754
Serbia,SRB,2011,14926.494,Europe,21.6,2.845004079626933
Serbia,SRB,2012,14896.884,Europe,21.65,-0.19837210265183897
Serbia,SRB,2013,15402.562,Europe,19.79,3.394521968486832
Serbia,SRB,2014,15229.067,Europe,21,-1.1264035165058957
Serbia,SRB,2015,15581.014,Europe,20.36,2.311021417136061
Serbia,SRB,2016,16185.742,Europe,18.08,3.881185139811831
Serbia,SRB,2017,16614.014,Europe,17.58,2.6459831127914866
Serbia,SRB,2018,17455.945,Europe,16.98,5.067595344508561
Serbia,SRB,2019,18310.08,Europe,15.66,4.893089431709381
Serbia,SRB,2020,18265.967,Europe,16.18,-0.24092194026460392
Serbia,SRB,2021,19831.297,Europe,16.05,8.56965306025133
Slovakia,SVK,1992,11663.992,Europe,NA,NA
Slovakia,SVK,1993,11840.4795,Europe,NA,1.5130968882694644
Slovakia,SVK,1994,12525.788,Europe,NA,5.78784414938602
Slovakia,SVK,1995,13218.992,Europe,NA,5.534214693718269
Slovakia,SVK,1996,14064.274,Europe,NA,6.3944512561926
Slovakia,SVK,1997,14870.22,Europe,NA,5.730448653090803
Slovakia,SVK,1998,15455.602,Europe,NA,3.936606183365152
Slovakia,SVK,1999,15423.483,Europe,NA,-0.2078146163442912
Slovakia,SVK,2000,15624.54,Europe,NA,1.3035771492081307
Slovakia,SVK,2001,16162.48,Europe,NA,3.442917359487055
Slovakia,SVK,2002,16897.46,Europe,NA,4.547445689027919
Slovakia,SVK,2003,17838.404,Europe,19.97,5.568552906768233
Slovakia,SVK,2004,18783.896,Europe,19.45,5.300317225689036
Slovakia,SVK,2005,20026.076,Europe,16.86,6.6130050975580374
Slovakia,SVK,2006,21725.926,Europe,13.92,8.488183106865261
Slovakia,SVK,2007,24072.26,Europe,11.63,10.799696178657696
Slovakia,SVK,2008,25392.477,Europe,11.43,5.484391577691503
Slovakia,SVK,2009,23975.21,Europe,12.96,-5.581444456954711
Slovakia,SVK,2010,25561.707,Europe,14.57,6.61723922334778
Slovakia,SVK,2011,26210.758,Europe,14.31,2.5391535862608987
Slovakia,SVK,2012,26511.27,Europe,14.37,1.14652159239347
Slovakia,SVK,2013,26650.363,Europe,14.26,0.5246561179453144
Slovakia,SVK,2014,27342.627,Europe,14.07,2.597578126796994
Slovakia,SVK,2015,28728.156,Europe,13.97,5.067285597685982
Slovakia,SVK,2016,29248.885,Europe,12.69,1.8126085085307924
Slovakia,SVK,2017,30061.55,Europe,12.33,2.7784477938218872
Slovakia,SVK,2018,31229.863,Europe,10.41,3.886403063048984
Slovakia,SVK,2019,31973.46,Europe,10.48,2.381044707112541
Slovakia,SVK,2020,30867.973,Europe,10.75,-3.4575144510478295
Slovakia,SVK,2021,31866.025,Europe,11.08,3.233292966791178
Slovenia,SVN,1995,21480.328,Europe,NA,NA
Slovenia,SVN,1996,22182.21,Europe,NA,3.2675571806910853
Slovenia,SVN,1997,23333.719,Europe,NA,5.19113740244999
Slovenia,SVN,1998,24151.54,Europe,NA,3.504889212045452
Slovenia,SVN,1999,25421.295,Europe,NA,5.2574494214447505
Slovenia,SVN,2000,26276.945,Europe,NA,3.3658788822520704
Slovenia,SVN,2001,27079.475,Europe,NA,3.0541221591779366
Slovenia,SVN,2002,27994.062,Europe,NA,3.377417767515815
Slovenia,SVN,2003,28805.385,Europe,8,2.898196767585914
Slovenia,SVN,2004,30041.814,Europe,7.73,4.292353669287879
Slovenia,SVN,2005,31128.83,Europe,8.93,3.618343419608427
Slovenia,SVN,2006,32812.74,Europe,8.52,5.409486961122523
Slovenia,SVN,2007,34907.367,Europe,6.7,6.38357845154047
Slovenia,SVN,2008,36075.47,Europe,6.5,3.3462936348078127
Slovenia,SVN,2009,33052.227,Europe,7.46,-8.38032879405314
Slovenia,SVN,2010,33350.613,Europe,7.11,0.9027712414053026
Slovenia,SVN,2011,33568.066,Europe,7.08,0.6520209988344183
Slovenia,SVN,2012,32613.49,Europe,9.28,-2.8437027024434394
Slovenia,SVN,2013,32234.025,Europe,9.24,-1.1635215979645237
Slovenia,SVN,2014,33093.75,Europe,9.42,2.6671351157666425
Slovenia,SVN,2015,33799.727,Europe,9.51,2.133263833805474
Slovenia,SVN,2016,34853.043,Europe,8.03,3.1163446971036155
Slovenia,SVN,2017,36507.555,Europe,6.52,4.747109169205118
Slovenia,SVN,2018,37995.715,Europe,6.62,4.076306945233654
Slovenia,SVN,2019,39034.234,Europe,7.03,2.7332529470757434
Slovenia,SVN,2020,37098.12,Europe,7.68,-4.960040973264633
Slovenia,SVN,2021,40036.484,Europe,6.6,7.920519961658417
Spain,ESP,1990,27528.414,Europe,NA,NA
Spain,ESP,1991,28157.527,Europe,NA,2.2853223582005033
Spain,ESP,1992,28280.326,Europe,NA,0.43611429370200977
Spain,ESP,1993,27843.86,Europe,NA,-1.543355617612047
Spain,ESP,1994,28372.031,Europe,NA,1.8969029437728764
Spain,ESP,1995,29025.994,Europe,NA,2.3049565961633123
Spain,ESP,1996,29674.393,Europe,NA,2.2338563151360167
Spain,ESP,1997,30644.379,Europe,NA,3.2687644192081735
Spain,ESP,1998,31858.5,Europe,NA,3.961969664975098
Spain,ESP,1999,33154.465,Europe,NA,4.0678782742439115
Spain,ESP,2000,34738.06,Europe,NA,4.776415484309584
Spain,ESP,2001,35854.586,Europe,NA,3.2141288258469394
Spain,ESP,2002,36317.1,Europe,NA,1.2899716649914617
Spain,ESP,2003,36729.77,Europe,11.69,1.136296675670685
Spain,ESP,2004,37228.797,Europe,11.76,1.358644500088081
Spain,ESP,2005,37942.008,Europe,12.96,1.9157508635049447
Spain,ESP,2006,38836.594,Europe,11.83,2.357771892304687
Spain,ESP,2007,39498.59,Europe,12.03,1.7045676044608835
Spain,ESP,2008,39218.293,Europe,14.25,-0.7096379896092461
Spain,ESP,2009,37409.645,Europe,18.09,-4.611745850335712
Spain,ESP,2010,37298.47,Europe,17.81,-0.2971827185208404
Spain,ESP,2011,36863.492,Europe,18.25,-1.1662086943512773
Spain,ESP,2012,35749.51,Europe,18.6,-3.0219112177435505
Spain,ESP,2013,35363.51,Europe,18.63,-1.079735078886396
Spain,ESP,2014,35964.46,Europe,17.14,1.6993505452371584
Spain,ESP,2015,37373.95,Europe,15.64,3.919119041409208
Spain,ESP,2016,38476.79,Europe,14.62,2.9508253743583537
Spain,ESP,2017,39528.926,Europe,13.32,2.734469273554261
Spain,ESP,2018,40255.254,Europe,12.45,1.8374594847327783
Spain,ESP,2019,40760.31,Europe,12.13,1.2546337429643266
Spain,ESP,2020,35967.89,Europe,13.88,-11.75756514118759
Spain,ESP,2021,37913.074,Europe,10.97,5.408112624899601
Sweden,SWE,1990,34156.82,Europe,NA,NA
Sweden,SWE,1991,33536.016,Europe,NA,-1.8175111149105696
Sweden,SWE,1992,32953.617,Europe,NA,-1.736637410955448
Sweden,SWE,1993,32086.012,Europe,NA,-2.6328065899412487
Sweden,SWE,1994,33110.824,Europe,NA,3.1939525547768346
Sweden,SWE,1995,34233.703,Europe,NA,3.3912747082343855
Sweden,SWE,1996,34719.11,Europe,NA,1.4179213975186944
Sweden,SWE,1997,35764.684,Europe,NA,3.011523048833914
Sweden,SWE,1998,37286.094,Europe,NA,4.253945036953203
Sweden,SWE,1999,38839.426,Europe,NA,4.1659820950942255
Sweden,SWE,2000,40625.363,Europe,NA,4.59825796601628
Sweden,SWE,2001,41103.727,Europe,NA,1.1775008631922907
Sweden,SWE,2002,41870.258,Europe,NA,1.86486982068561
Sweden,SWE,2003,42678.285,Europe,6.51,1.9298352544185464
Sweden,SWE,2004,44354.39,Europe,7.88,3.927301671095724
Sweden,SWE,2005,45440.297,Europe,14.16,2.448251458311115
Sweden,SWE,2006,47292.312,Europe,9.34,4.0757105966979035
Sweden,SWE,2007,48557.383,Europe,7.48,2.6750034973972165
Sweden,SWE,2008,47963.492,Europe,7.82,-1.2230704443029874
Sweden,SWE,2009,45492.77,Europe,9.6,-5.151255459047897
Sweden,SWE,2010,47791.37,Europe,7.67,5.052671006843519
Sweden,SWE,2011,48947.438,Europe,7.53,2.418989035049632
Sweden,SWE,2012,48300.844,Europe,7.83,-1.320996616819872
Sweden,SWE,2013,48462.16,Europe,7.44,0.3339817416027061
Sweden,SWE,2014,49258.996,Europe,7.16,1.6442436738271584
Sweden,SWE,2015,50928.965,Europe,6.72,3.390180749928393
Sweden,SWE,2016,51334.434,Europe,6.48,0.7961461616194333
Sweden,SWE,2017,51947.953,Europe,6.15,1.1951412574257665
Sweden,SWE,2018,52349.293,Europe,6.02,0.7725809715735988
Sweden,SWE,2019,52850.57,Europe,5.48,0.957562120275439
Sweden,SWE,2020,51331.28,Europe,6.46,-2.874689904006713
Sweden,SWE,2021,53613.42,Europe,5.07,4.445905108931629
Switzerland,CHE,1990,56982.46,Europe,NA,NA
Switzerland,CHE,1991,55759.34,Europe,9.33,-2.1464850762848826
Switzerland,CHE,1992,55123.84,Europe,8.8,-1.13971937257507
Switzerland,CHE,1993,54555.277,Europe,9.95,-1.031428507157692
Switzerland,CHE,1994,54809.336,Europe,11.12,0.4656909724791629
Switzerland,CHE,1995,54706.1,Europe,10.35,-0.18835477225997488
Switzerland,CHE,1996,54721.715,Europe,6.21,0.02854343482719104
Switzerland,CHE,1997,55824.51,Europe,6.69,2.0152785781659173
Switzerland,CHE,1998,57345.332,Europe,6.53,2.724290817778786
Switzerland,CHE,1999,58021.438,Europe,6.22,1.179007909484245
Switzerland,CHE,2000,59980.332,Europe,5.76,3.376155551332596
Switzerland,CHE,2001,60541.117,Europe,6.24,0.9349481426678268
Switzerland,CHE,2002,60040.88,Europe,6.7,-0.8262764626559517
Switzerland,CHE,2003,59577.76,Europe,8.63,-0.7713411262459766
Switzerland,CHE,2004,60768.203,Europe,7.98,1.998133196011396
Switzerland,CHE,2005,62040.44,Europe,8.67,2.0935899651335763
Switzerland,CHE,2006,64163.805,Europe,8.57,3.422549872309091
Switzerland,CHE,2007,66083.47,Europe,7.86,2.9918191416484743
Switzerland,CHE,2008,67081.3,Europe,8.03,1.509954002112785
Switzerland,CHE,2009,64726.37,Europe,8.44,-3.510561065453413
Switzerland,CHE,2010,66133.29,Europe,8.45,2.1736426745389723
Switzerland,CHE,2011,66587.85,Europe,7.91,0.6873391600508795
Switzerland,CHE,2012,66661.49,Europe,8.8,0.11059074590935045
Switzerland,CHE,2013,67080.37,Europe,9.58,0.6283687928367488
Switzerland,CHE,2014,67824.086,Europe,9.11,1.1086939442939872
Switzerland,CHE,2015,68159.22,Europe,9.35,0.4941223977570527
Switzerland,CHE,2016,68813.64,Europe,8.67,0.9601342268881572
Switzerland,CHE,2017,69103.57,Europe,8.13,0.42132635332182333
Switzerland,CHE,2018,70558.56,Europe,7.93,2.1055207422713336
Switzerland,CHE,2019,70857.086,Europe,7.71,0.4230897002433128
Switzerland,CHE,2020,68670.24,Europe,8.62,-3.086277073262638
Switzerland,CHE,2021,71032.84,Europe,9.89,3.4405005720090553
Ukraine,UKR,1990,16428.48,Europe,NA,NA
Ukraine,UKR,1991,14967.733,Europe,NA,-8.891552961686045
Ukraine,UKR,1992,13447.164,Europe,NA,-10.158979987149689
Ukraine,UKR,1993,11531.299,Europe,NA,-14.24735356838066
Ukraine,UKR,1994,8934.775,Europe,NA,-22.51718561802969
Ukraine,UKR,1995,7906.957,Europe,NA,-11.50356892031416
Ukraine,UKR,1996,7179.6777,Europe,NA,-9.197967056100092
Ukraine,UKR,1997,7028.0464,Europe,NA,-2.1119513484567696
Ukraine,UKR,1998,6956.399,Europe,NA,-1.019449729301728
Ukraine,UKR,1999,7008.2437,Europe,NA,0.7452807120465581
Ukraine,UKR,2000,7496.813,Europe,NA,6.971351467130062
Ukraine,UKR,2001,8242.703,Europe,NA,9.949427843538308
Ukraine,UKR,2002,8765.683,Europe,NA,6.344763362212631
Ukraine,UKR,2003,9678.087,Europe,NA,10.408818114914704
Ukraine,UKR,2004,10902.038,Europe,NA,12.646621176271724
Ukraine,UKR,2005,11319.511,Europe,NA,3.8293115470703727
Ukraine,UKR,2006,12259.158,Europe,NA,8.301127142329726
Ukraine,UKR,2007,13345.771,Europe,NA,8.863683786439502
Ukraine,UKR,2008,13719.271,Europe,NA,2.798639359239717
Ukraine,UKR,2009,11694.448,Europe,NA,-14.758969335907135
Ukraine,UKR,2010,12221.44,Europe,NA,4.506343523011947
Ukraine,UKR,2011,12933.356,Europe,NA,5.825140081692495
Ukraine,UKR,2012,12985.087,Europe,NA,0.39998125776480414
Ukraine,UKR,2013,13020.601,Europe,NA,0.27349836008030626
Ukraine,UKR,2014,12385.813,Europe,19.98,-4.875258830218362
Ukraine,UKR,2015,11216.118,Europe,17.63,-9.44382900016333
Ukraine,UKR,2016,11536.316,Europe,18.26,2.8548023478355016
Ukraine,UKR,2017,11860.561,Europe,16.47,2.8106459635814325
Ukraine,UKR,2018,12336.927,Europe,NA,4.016386745955777
Ukraine,UKR,2019,12804.955,Europe,NA,3.793716214742944
Ukraine,UKR,2020,12407.79,Europe,NA,-3.1016508843646777
Ukraine,UKR,2021,12943.614,Europe,NA,4.318448329638063
United Kingdom,GBR,1990,31537.848,Europe,NA,NA
United Kingdom,GBR,1991,31093.643,Europe,NA,-1.4084822781820805
United Kingdom,GBR,1992,31134.043,Europe,NA,0.12993009535743835
United Kingdom,GBR,1993,31832.818,Europe,NA,2.244408154764859
United Kingdom,GBR,1994,32973.06,Europe,NA,3.5819700285409803
United Kingdom,GBR,1995,33718.508,Europe,NA,2.2607789510588465
United Kingdom,GBR,1996,34274.41,Europe,NA,1.6486553912765114
United Kingdom,GBR,1997,35679.02,Europe,NA,4.098130354395577
United Kingdom,GBR,1998,36698.41,Europe,NA,2.8571132278857623
United Kingdom,GBR,1999,37678.695,Europe,NA,2.671192021670683
United Kingdom,GBR,2000,39080.867,Europe,NA,3.7213921554342546
United Kingdom,GBR,2001,39770.605,Europe,NA,1.764899432758247
United Kingdom,GBR,2002,40303.867,Europe,NA,1.3408445760379937
United Kingdom,GBR,2003,41369.496,Europe,NA,2.643986990131743
United Kingdom,GBR,2004,42099.395,Europe,5.45,1.7643410497435057
United Kingdom,GBR,2005,42926.992,Europe,8.42,1.9658168484368992
United Kingdom,GBR,2006,43533.22,Europe,8.55,1.4122303281813988
United Kingdom,GBR,2007,44302.86,Europe,11.9,1.7679372212760724
United Kingdom,GBR,2008,43887.707,Europe,12.09,-0.9370794571727388
United Kingdom,GBR,2009,41592.363,Europe,13.22,-5.230038561823256
United Kingdom,GBR,2010,42270.434,Europe,13.62,1.630277654578086
United Kingdom,GBR,2011,42389.145,Europe,14.24,0.28083695568395556
United Kingdom,GBR,2012,42705.15,Europe,13.88,0.7454856662006386
United Kingdom,GBR,2013,43192.08,Europe,13.24,1.140213768128669
United Kingdom,GBR,2014,44247.03,Europe,11.86,2.442461673529029
United Kingdom,GBR,2015,44948.336,Europe,11.05,1.584978698005277
United Kingdom,GBR,2016,45574.848,Europe,10.89,1.3938491516126317
United Kingdom,GBR,2017,46372.387,Europe,10.31,1.7499542730235862
United Kingdom,GBR,2018,46878.137,Europe,10.45,1.090627489156424
United Kingdom,GBR,2019,47362.266,Europe,10.52,1.0327394196573998
United Kingdom,GBR,2020,41984.105,Europe,NA,-11.35537096134716
United Kingdom,GBR,2021,44978.715,Europe,NA,7.132723205603628
